"Приключения Незнайки и его друзей. Незнайка в солнечном городе Рисунки А. Лаптева";"Николай Николаевич Носов"
"Приключения Незнайки и его друзей. Незнайка в солнечном городе Рисунки А. Лаптева";"Николай Николаевич Носов"
"Приключения Незнайки и его друзей. Незнайка в солнечном городе Рисунки А. Лаптева";"Николай Николаевич Носов"
"Приключения Незнайки и его друзей. Незнайка в солнечном городе Рисунки А. Лаптева";"Николай Николаевич Носов"
"Приключения Незнайки и его друзей. Незнайка в солнечном городе Рисунки А. Лаптева";"Николай Николаевич Носов"
"Приключения Незнайки и его друзей";"Николай Николаевич Носов"
"Приключения Незнайки и его друзей. Незнайка в солнечном городе Рисунки А. Лаптева";"Николай Николаевич Носов"
"Приключения Незнайки и его друзей. Незнайка в солнечном городе Рисунки А. Лаптева";"Николай Николаевич Носов"
"Приключения Незнайки и его друзей";"Николай Николаевич Носов"
"Приключения Незнайки и его друзей. Незнайка в солнечном городе Рисунки А. Лаптева";"Николай Николаевич Носов"
"Приключения Незнайки и его друзей. Незнайка в солнечном городе Рисунки А. Лаптева";"Николай Николаевич Носов"
"Приключения Незнайки и его друзей. Незнайка в солнечном городе Рисунки А. Лаптева";"Николай Николаевич Носов"
"Приключения Незнайки и его друзей";"Николай Николаевич Носов"
"Приключения Незнайки и его друзей. Незнайка в солнечном городе Рисунки А. Лаптева";"Николай Николаевич Носов"
"Приключения Незнайки и его друзей";"Николай Николаевич Носов"
"Приключения Незнайки и его друзей. Незнайка в солнечном городе Рисунки А. Лаптева";"Николай Николаевич Носов"
"Приключения Незнайки и его друзей. Незнайка в солнечном городе Рисунки А. Лаптева";"Николай Николаевич Носов"
"Приключения Незнайки и его друзей";"Николай Николаевич Носов"
"Приключения Незнайки и его друзей. Незнайка в солнечном городе Рисунки А. Лаптева";"Николай Николаевич Носов"
"Приключения Незнайки и его друзей";"Николай Николаевич Носов"
"Незнайка в Солнечном городе";"Николай Носов"
"Приключения Незнайки и его друзей. Незнайка в солнечном городе Рисунки А. Лаптева";"Николай Николаевич Носов"
"Приключения Незнайки и его друзей. Незнайка в солнечном городе Рисунки А. Лаптева";"Николай Николаевич Носов"
"Приключения Незнайки и его друзей";"Николай Николаевич Носов"
"Приключения Незнайки и его друзей. Незнайка в солнечном городе Рисунки А. Лаптева";"Николай Николаевич Носов"
"Приключения Незнайки и его друзей";"Николай Николаевич Носов"
"Незнайка в Солнечном городе";"Николай Носов"
"Приключения Незнайки и его друзей. Незнайка в солнечном городе Рисунки А. Лаптева";"Николай Николаевич Носов"
"Приключения Незнайки и его друзей. Незнайка в солнечном городе Рисунки А. Лаптева";"Николай Николаевич Носов"
"Приключения Незнайки и его друзей. Незнайка в солнечном городе Рисунки А. Лаптева";"Николай Николаевич Носов"
"Приключения Незнайки и его друзей";"Николай Николаевич Носов"
"Приключения Незнайки и его друзей. Незнайка в солнечном городе Рисунки А. Лаптева";"Николай Николаевич Носов"
"Приключения Незнайки и его друзей";"Николай Николаевич Носов"
"Незнайка в Солнечном городе";"Николай Носов"
"Приключения Незнайки и его друзей. Незнайка в солнечном городе Рисунки А. Лаптева";"Николай Николаевич Носов"
"Приключения Незнайки и его друзей";"Николай Николаевич Носов"
"Приключения Незнайки и его друзей. Незнайка в солнечном городе Рисунки А. Лаптева";"Николай Николаевич Носов"
"Приключения Незнайки и его друзей. Незнайка в солнечном городе Рисунки А. Лаптева";"Николай Николаевич Носов"
"Приключения Незнайки и его друзей";"Николай Николаевич Носов"
"Приключения Незнайки и его друзей. Незнайка в солнечном городе Рисунки А. Лаптева";"Николай Николаевич Носов"
"Приключения Незнайки и его друзей";"Николай Николаевич Носов"
"Незнайка в Солнечном городе";"Николай Носов"
"Приключения Незнайки и его друзей. Незнайка в солнечном городе Рисунки А. Лаптева";"Николай Николаевич Носов"
"Приключения Незнайки и его друзей";"Николай Николаевич Носов"
"Незнайка в Солнечном городе";"Николай Носов"
"Приключения Незнайки и его друзей. Незнайка в солнечном городе Рисунки А. Лаптева";"Николай Николаевич Носов"
"Приключения Незнайки и его друзей. Незнайка в солнечном городе Рисунки А. Лаптева";"Николай Николаевич Носов"
"Приключения Незнайки и его друзей";"Николай Николаевич Носов"
"Приключения Незнайки и его друзей. Незнайка в солнечном городе Рисунки А. Лаптева";"Николай Николаевич Носов"
"Приключения Незнайки и его друзей";"Николай Николаевич Носов"
"Незнайка в Солнечном городе";"Николай Носов"
"Приключения Незнайки и его друзей. Незнайка в солнечном городе Рисунки А. Лаптева";"Николай Николаевич Носов"
"Приключения Незнайки и его друзей";"Николай Николаевич Носов"
"Незнайка в Солнечном городе";"Николай Носов"
"Незнайка на Луне";"Николай Носов"
"Приключения Незнайки и его друзей. Незнайка в солнечном городе Рисунки А. Лаптева";"Николай Николаевич Носов"
"Приключения Незнайки и его друзей. Незнайка в солнечном городе Рисунки А. Лаптева";"Николай Николаевич Носов"
"Приключения Незнайки и его друзей";"Николай Николаевич Носов"
"Приключения Незнайки и его друзей. Незнайка в солнечном городе Рисунки А. Лаптева";"Николай Николаевич Носов"
"Приключения Незнайки и его друзей";"Николай Николаевич Носов"
"Незнайка в Солнечном городе";"Николай Носов"
"Приключения Незнайки и его друзей. Незнайка в солнечном городе Рисунки А. Лаптева";"Николай Николаевич Носов"
"Приключения Незнайки и его друзей";"Николай Николаевич Носов"
"Незнайка в Солнечном городе";"Николай Носов"
"Незнайка на Луне";"Николай Носов"
"Приключения Незнайки и его друзей. Незнайка в солнечном городе Рисунки А. Лаптева";"Николай Николаевич Носов"
"Приключения Незнайки и его друзей. Незнайка в солнечном городе Рисунки А. Лаптева";"Николай Николаевич Носов"
"Приключения Незнайки и его друзей. Незнайка в солнечном городе Рисунки А. Лаптева";"Николай Николаевич Носов"
"Приключения Незнайки и его друзей";"Николай Николаевич Носов"
"Приключения Незнайки и его друзей. Незнайка в солнечном городе Рисунки А. Лаптева";"Николай Николаевич Носов"
"Приключения Незнайки и его друзей";"Николай Николаевич Носов"
"Незнайка в Солнечном городе";"Николай Носов"
"Приключения Незнайки и его друзей. Незнайка в солнечном городе Рисунки А. Лаптева";"Николай Николаевич Носов"
"Приключения Незнайки и его друзей";"Николай Николаевич Носов"
"Незнайка в Солнечном городе";"Николай Носов"
"Незнайка на Луне";"Николай Носов"
"Приключения Незнайки и его друзей. Незнайка в солнечном городе Рисунки А. Лаптева";"Николай Николаевич Носов"
"Приключения Незнайки и его друзей";"Николай Николаевич Носов"
"Приключения Незнайки и его друзей. Незнайка в солнечном городе Рисунки А. Лаптева";"Николай Николаевич Носов"
"Приключения Незнайки и его друзей. Незнайка в солнечном городе Рисунки А. Лаптева";"Николай Николаевич Носов"
"Приключения Незнайки и его друзей";"Николай Николаевич Носов"
"Приключения Незнайки и его друзей. Незнайка в солнечном городе Рисунки А. Лаптева";"Николай Николаевич Носов"
"Приключения Незнайки и его друзей";"Николай Николаевич Носов"
"Незнайка в Солнечном городе";"Николай Носов"
"Приключения Незнайки и его друзей. Незнайка в солнечном городе Рисунки А. Лаптева";"Николай Николаевич Носов"
"Приключения Незнайки и его друзей";"Николай Николаевич Носов"
"Незнайка в Солнечном городе";"Николай Носов"
"Незнайка на Луне";"Николай Носов"
"Приключения Незнайки и его друзей. Незнайка в солнечном городе Рисунки А. Лаптева";"Николай Николаевич Носов"
"Приключения Незнайки и его друзей";"Николай Николаевич Носов"
"Незнайка в Солнечном городе";"Николай Носов"
"Приключения Незнайки и его друзей. Незнайка в солнечном городе Рисунки А. Лаптева";"Николай Николаевич Носов"
"Приключения Незнайки и его друзей. Незнайка в солнечном городе Рисунки А. Лаптева";"Николай Николаевич Носов"
"Приключения Незнайки и его друзей";"Николай Николаевич Носов"
"Приключения Незнайки и его друзей. Незнайка в солнечном городе Рисунки А. Лаптева";"Николай Николаевич Носов"
"Приключения Незнайки и его друзей";"Николай Николаевич Носов"
"Незнайка в Солнечном городе";"Николай Носов"
"Приключения Незнайки и его друзей. Незнайка в солнечном городе Рисунки А. Лаптева";"Николай Николаевич Носов"
"Приключения Незнайки и его друзей";"Николай Николаевич Носов"
"Незнайка в Солнечном городе";"Николай Носов"
"Незнайка на Луне";"Николай Носов"
"Приключения Незнайки и его друзей. Незнайка в солнечном городе Рисунки А. Лаптева";"Николай Николаевич Носов"
"Приключения Незнайки и его друзей";"Николай Николаевич Носов"
"Незнайка в Солнечном городе";"Николай Носов"
"Незнайка на Луне";"Николай Носов"
"Приключения Незнайки и его друзей. Незнайка в солнечном городе Рисунки А. Лаптева";"Николай Николаевич Носов"
"Приключения Незнайки и его друзей. Незнайка в солнечном городе Рисунки А. Лаптева";"Николай Николаевич Носов"
"Приключения Незнайки и его друзей";"Николай Николаевич Носов"
"Приключения Незнайки и его друзей. Незнайка в солнечном городе Рисунки А. Лаптева";"Николай Николаевич Носов"
"Приключения Незнайки и его друзей";"Николай Николаевич Носов"
"Незнайка в Солнечном городе";"Николай Носов"
"Приключения Незнайки и его друзей. Незнайка в солнечном городе Рисунки А. Лаптева";"Николай Николаевич Носов"
"Приключения Незнайки и его друзей";"Николай Николаевич Носов"
"Незнайка в Солнечном городе";"Николай Носов"
"Незнайка на Луне";"Николай Носов"
"Приключения Незнайки и его друзей. Незнайка в солнечном городе Рисунки А. Лаптева";"Николай Николаевич Носов"
"Приключения Незнайки и его друзей";"Николай Николаевич Носов"
"Незнайка в Солнечном городе";"Николай Носов"
"Незнайка на Луне";"Николай Носов"
"Незнайка. 40 лет спустя";"Северин Подольский"
"Приключения Незнайки и его друзей. Незнайка в солнечном городе Рисунки А. Лаптева";"Николай Николаевич Носов"
"Приключения Незнайки и его друзей. Незнайка в солнечном городе Рисунки А. Лаптева";"Николай Николаевич Носов"
"Приключения Незнайки и его друзей";"Николай Николаевич Носов"
"Приключения Незнайки и его друзей. Незнайка в солнечном городе Рисунки А. Лаптева";"Николай Николаевич Носов"
"Приключения Незнайки и его друзей";"Николай Николаевич Носов"
"Незнайка в Солнечном городе";"Николай Носов"
"Приключения Незнайки и его друзей. Незнайка в солнечном городе Рисунки А. Лаптева";"Николай Николаевич Носов"
"Приключения Незнайки и его друзей";"Николай Николаевич Носов"
"Незнайка в Солнечном городе";"Николай Носов"
"Незнайка на Луне";"Николай Носов"
"Приключения Незнайки и его друзей. Незнайка в солнечном городе Рисунки А. Лаптева";"Николай Николаевич Носов"
"Приключения Незнайки и его друзей";"Николай Николаевич Носов"
"Незнайка в Солнечном городе";"Николай Носов"
"Незнайка на Луне";"Николай Носов"
"Незнайка. 40 лет спустя";"Северин Подольский"
"Приключения Незнайки и его друзей. Незнайка в солнечном городе Рисунки А. Лаптева";"Николай Николаевич Носов"
"Приключения Незнайки и его друзей. Незнайка в солнечном городе Рисунки А. Лаптева";"Николай Николаевич Носов"
"Приключения Незнайки и его друзей. Незнайка в солнечном городе Рисунки А. Лаптева";"Николай Николаевич Носов"
"Приключения Незнайки и его друзей";"Николай Николаевич Носов"
"Приключения Незнайки и его друзей. Незнайка в солнечном городе Рисунки А. Лаптева";"Николай Николаевич Носов"
"Приключения Незнайки и его друзей";"Николай Николаевич Носов"
"Незнайка в Солнечном городе";"Николай Носов"
"Приключения Незнайки и его друзей. Незнайка в солнечном городе Рисунки А. Лаптева";"Николай Николаевич Носов"
"Приключения Незнайки и его друзей";"Николай Николаевич Носов"
"Незнайка в Солнечном городе";"Николай Носов"
"Незнайка на Луне";"Николай Носов"
"Приключения Незнайки и его друзей. Незнайка в солнечном городе Рисунки А. Лаптева";"Николай Николаевич Носов"
"Приключения Незнайки и его друзей";"Николай Николаевич Носов"
"Незнайка в Солнечном городе";"Николай Носов"
"Незнайка на Луне";"Николай Носов"
"Незнайка. 40 лет спустя";"Северин Подольский"
"Приключения Незнайки и его друзей. Незнайка в солнечном городе Рисунки А. Лаптева";"Николай Николаевич Носов"
"Приключения Незнайки и его друзей";"Николай Николаевич Носов"
"Приключения Незнайки и его друзей. Незнайка в солнечном городе Рисунки А. Лаптева";"Николай Николаевич Носов"
"Приключения Незнайки и его друзей. Незнайка в солнечном городе Рисунки А. Лаптева";"Николай Николаевич Носов"
"Приключения Незнайки и его друзей";"Николай Николаевич Носов"
"Приключения Незнайки и его друзей. Незнайка в солнечном городе Рисунки А. Лаптева";"Николай Николаевич Носов"
"Приключения Незнайки и его друзей";"Николай Николаевич Носов"
"Незнайка в Солнечном городе";"Николай Носов"
"Приключения Незнайки и его друзей. Незнайка в солнечном городе Рисунки А. Лаптева";"Николай Николаевич Носов"
"Приключения Незнайки и его друзей";"Николай Николаевич Носов"
"Незнайка в Солнечном городе";"Николай Носов"
"Незнайка на Луне";"Николай Носов"
"Приключения Незнайки и его друзей. Незнайка в солнечном городе Рисунки А. Лаптева";"Николай Николаевич Носов"
"Приключения Незнайки и его друзей";"Николай Николаевич Носов"
"Незнайка в Солнечном городе";"Николай Носов"
"Незнайка на Луне";"Николай Носов"
"Незнайка. 40 лет спустя";"Северин Подольский"
"Приключения Незнайки и его друзей. Незнайка в солнечном городе Рисунки А. Лаптева";"Николай Николаевич Носов"
"Приключения Незнайки и его друзей";"Николай Николаевич Носов"
"Незнайка в Солнечном городе";"Николай Носов"
"Приключения Незнайки и его друзей. Незнайка в солнечном городе Рисунки А. Лаптева";"Николай Николаевич Носов"
"Приключения Незнайки и его друзей. Незнайка в солнечном городе Рисунки А. Лаптева";"Николай Николаевич Носов"
"Приключения Незнайки и его друзей";"Николай Николаевич Носов"
"Приключения Незнайки и его друзей. Незнайка в солнечном городе Рисунки А. Лаптева";"Николай Николаевич Носов"
"Приключения Незнайки и его друзей";"Николай Николаевич Носов"
"Незнайка в Солнечном городе";"Николай Носов"
"Приключения Незнайки и его друзей. Незнайка в солнечном городе Рисунки А. Лаптева";"Николай Николаевич Носов"
"Приключения Незнайки и его друзей";"Николай Николаевич Носов"
"Незнайка в Солнечном городе";"Николай Носов"
"Незнайка на Луне";"Николай Носов"
"Приключения Незнайки и его друзей. Незнайка в солнечном городе Рисунки А. Лаптева";"Николай Николаевич Носов"
"Приключения Незнайки и его друзей";"Николай Николаевич Носов"
"Незнайка в Солнечном городе";"Николай Носов"
"Незнайка на Луне";"Николай Носов"
"Незнайка. 40 лет спустя";"Северин Подольский"
"Приключения Незнайки и его друзей. Незнайка в солнечном городе Рисунки А. Лаптева";"Николай Николаевич Носов"
"Приключения Незнайки и его друзей";"Николай Николаевич Носов"
"Незнайка в Солнечном городе";"Николай Носов"
"Незнайка на Луне";"Николай Носов"
"Приключения Незнайки и его друзей. Незнайка в солнечном городе Рисунки А. Лаптева";"Николай Николаевич Носов"
"Приключения Незнайки и его друзей. Незнайка в солнечном городе Рисунки А. Лаптева";"Николай Николаевич Носов"
"Приключения Незнайки и его друзей";"Николай Николаевич Носов"
"Приключения Незнайки и его друзей. Незнайка в солнечном городе Рисунки А. Лаптева";"Николай Николаевич Носов"
"Приключения Незнайки и его друзей";"Николай Николаевич Носов"
"Незнайка в Солнечном городе";"Николай Носов"
"Приключения Незнайки и его друзей. Незнайка в солнечном городе Рисунки А. Лаптева";"Николай Николаевич Носов"
"Приключения Незнайки и его друзей";"Николай Николаевич Носов"
"Незнайка в Солнечном городе";"Николай Носов"
"Незнайка на Луне";"Николай Носов"
"Приключения Незнайки и его друзей. Незнайка в солнечном городе Рисунки А. Лаптева";"Николай Николаевич Носов"
"Приключения Незнайки и его друзей";"Николай Николаевич Носов"
"Незнайка в Солнечном городе";"Николай Носов"
"Незнайка на Луне";"Николай Носов"
"Незнайка. 40 лет спустя";"Северин Подольский"
"Приключения Незнайки и его друзей. Незнайка в солнечном городе Рисунки А. Лаптева";"Николай Николаевич Носов"
"Приключения Незнайки и его друзей";"Николай Николаевич Носов"
"Незнайка в Солнечном городе";"Николай Носов"
"Незнайка на Луне";"Николай Носов"
"Незнайка. 40 лет спустя";"Северин Подольский"
"Приключения Незнайки и его друзей. Незнайка в солнечном городе Рисунки А. Лаптева";"Николай Николаевич Носов"
"Приключения Незнайки и его друзей. Незнайка в солнечном городе Рисунки А. Лаптева";"Николай Николаевич Носов"
"Приключения Незнайки и его друзей";"Николай Николаевич Носов"
"Приключения Незнайки и его друзей. Незнайка в солнечном городе Рисунки А. Лаптева";"Николай Николаевич Носов"
"Приключения Незнайки и его друзей";"Николай Николаевич Носов"
"Незнайка в Солнечном городе";"Николай Носов"
"Приключения Незнайки и его друзей. Незнайка в солнечном городе Рисунки А. Лаптева";"Николай Николаевич Носов"
"Приключения Незнайки и его друзей";"Николай Николаевич Носов"
"Незнайка в Солнечном городе";"Николай Носов"
"Незнайка на Луне";"Николай Носов"
"Приключения Незнайки и его друзей. Незнайка в солнечном городе Рисунки А. Лаптева";"Николай Николаевич Носов"
"Приключения Незнайки и его друзей";"Николай Николаевич Носов"
"Незнайка в Солнечном городе";"Николай Носов"
"Незнайка на Луне";"Николай Носов"
"Незнайка. 40 лет спустя";"Северин Подольский"
"Приключения Незнайки и его друзей. Незнайка в солнечном городе Рисунки А. Лаптева";"Николай Николаевич Носов"
"Приключения Незнайки и его друзей";"Николай Николаевич Носов"
"Незнайка в Солнечном городе";"Николай Носов"
"Незнайка на Луне";"Николай Носов"
"Незнайка. 40 лет спустя";"Северин Подольский"
"Приключения Незнайки и его друзей. Незнайка в солнечном городе Рисунки А. Лаптева";"Николай Николаевич Носов"
"Приключения Незнайки и его друзей. Незнайка в солнечном городе Рисунки А. Лаптева";"Николай Николаевич Носов"
"Приключения Незнайки и его друзей";"Николай Николаевич Носов"
"Приключения Незнайки и его друзей. Незнайка в солнечном городе Рисунки А. Лаптева";"Николай Николаевич Носов"
"Приключения Незнайки и его друзей";"Николай Николаевич Носов"
"Незнайка в Солнечном городе";"Николай Носов"
"Приключения Незнайки и его друзей. Незнайка в солнечном городе Рисунки А. Лаптева";"Николай Николаевич Носов"
"Приключения Незнайки и его друзей";"Николай Николаевич Носов"
"Незнайка в Солнечном городе";"Николай Носов"
"Незнайка на Луне";"Николай Носов"
"Приключения Незнайки и его друзей. Незнайка в солнечном городе Рисунки А. Лаптева";"Николай Николаевич Носов"
"Приключения Незнайки и его друзей";"Николай Николаевич Носов"
"Незнайка в Солнечном городе";"Николай Носов"
"Незнайка на Луне";"Николай Носов"
"Незнайка. 40 лет спустя";"Северин Подольский"
"Приключения Незнайки и его друзей. Незнайка в солнечном городе Рисунки А. Лаптева";"Николай Николаевич Носов"
"Приключения Незнайки и его друзей";"Николай Николаевич Носов"
"Незнайка в Солнечном городе";"Николай Носов"
"Незнайка на Луне";"Николай Носов"
"Незнайка. 40 лет спустя";"Северин Подольский"
"Приключения Незнайки и его друзей. Незнайка в солнечном городе Рисунки А. Лаптева";"Николай Николаевич Носов"
"Приключения Незнайки и его друзей. Незнайка в солнечном городе Рисунки А. Лаптева";"Николай Николаевич Носов"
"Приключения Незнайки и его друзей. Незнайка в солнечном городе Рисунки А. Лаптева";"Николай Николаевич Носов"
"Приключения Незнайки и его друзей";"Николай Николаевич Носов"
"Приключения Незнайки и его друзей. Незнайка в солнечном городе Рисунки А. Лаптева";"Николай Николаевич Носов"
"Приключения Незнайки и его друзей";"Николай Николаевич Носов"
"Незнайка в Солнечном городе";"Николай Носов"
"Приключения Незнайки и его друзей. Незнайка в солнечном городе Рисунки А. Лаптева";"Николай Николаевич Носов"
"Приключения Незнайки и его друзей";"Николай Николаевич Носов"
"Незнайка в Солнечном городе";"Николай Носов"
"Незнайка на Луне";"Николай Носов"
"Приключения Незнайки и его друзей. Незнайка в солнечном городе Рисунки А. Лаптева";"Николай Николаевич Носов"
"Приключения Незнайки и его друзей";"Николай Николаевич Носов"
"Незнайка в Солнечном городе";"Николай Носов"
"Незнайка на Луне";"Николай Носов"
"Незнайка. 40 лет спустя";"Северин Подольский"
"Приключения Незнайки и его друзей. Незнайка в солнечном городе Рисунки А. Лаптева";"Николай Николаевич Носов"
"Приключения Незнайки и его друзей";"Николай Николаевич Носов"
"Незнайка в Солнечном городе";"Николай Носов"
"Незнайка на Луне";"Николай Носов"
"Незнайка. 40 лет спустя";"Северин Подольский"
"Приключения Незнайки и его друзей. Незнайка в солнечном городе Рисунки А. Лаптева";"Николай Николаевич Носов"
"Приключения Незнайки и его друзей";"Николай Николаевич Носов"
"Приключения Незнайки и его друзей. Незнайка в солнечном городе Рисунки А. Лаптева";"Николай Николаевич Носов"
"Приключения Незнайки и его друзей. Незнайка в солнечном городе Рисунки А. Лаптева";"Николай Николаевич Носов"
"Приключения Незнайки и его друзей";"Николай Николаевич Носов"
"Приключения Незнайки и его друзей. Незнайка в солнечном городе Рисунки А. Лаптева";"Николай Николаевич Носов"
"Приключения Незнайки и его друзей";"Николай Николаевич Носов"
"Незнайка в Солнечном городе";"Николай Носов"
"Приключения Незнайки и его друзей. Незнайка в солнечном городе Рисунки А. Лаптева";"Николай Николаевич Носов"
"Приключения Незнайки и его друзей";"Николай Николаевич Носов"
"Незнайка в Солнечном городе";"Николай Носов"
"Незнайка на Луне";"Николай Носов"
"Приключения Незнайки и его друзей. Незнайка в солнечном городе Рисунки А. Лаптева";"Николай Николаевич Носов"
"Приключения Незнайки и его друзей";"Николай Николаевич Носов"
"Незнайка в Солнечном городе";"Николай Носов"
"Незнайка на Луне";"Николай Носов"
"Незнайка. 40 лет спустя";"Северин Подольский"
"Приключения Незнайки и его друзей. Незнайка в солнечном городе Рисунки А. Лаптева";"Николай Николаевич Носов"
"Приключения Незнайки и его друзей";"Николай Николаевич Носов"
"Незнайка в Солнечном городе";"Николай Носов"
"Незнайка на Луне";"Николай Носов"
"Незнайка. 40 лет спустя";"Северин Подольский"
"Приключения Незнайки и его друзей. Незнайка в солнечном городе Рисунки А. Лаптева";"Николай Николаевич Носов"
"Приключения Незнайки и его друзей";"Николай Николаевич Носов"
"Незнайка в Солнечном городе";"Николай Носов"
"Приключения Незнайки и его друзей. Незнайка в солнечном городе Рисунки А. Лаптева";"Николай Николаевич Носов"
"Приключения Незнайки и его друзей. Незнайка в солнечном городе Рисунки А. Лаптева";"Николай Николаевич Носов"
"Приключения Незнайки и его друзей";"Николай Николаевич Носов"
"Приключения Незнайки и его друзей. Незнайка в солнечном городе Рисунки А. Лаптева";"Николай Николаевич Носов"
"Приключения Незнайки и его друзей";"Николай Николаевич Носов"
"Незнайка в Солнечном городе";"Николай Носов"
"Приключения Незнайки и его друзей. Незнайка в солнечном городе Рисунки А. Лаптева";"Николай Николаевич Носов"
"Приключения Незнайки и его друзей";"Николай Николаевич Носов"
"Незнайка в Солнечном городе";"Николай Носов"
"Незнайка на Луне";"Николай Носов"
"Приключения Незнайки и его друзей. Незнайка в солнечном городе Рисунки А. Лаптева";"Николай Николаевич Носов"
"Приключения Незнайки и его друзей";"Николай Николаевич Носов"
"Незнайка в Солнечном городе";"Николай Носов"
"Незнайка на Луне";"Николай Носов"
"Незнайка. 40 лет спустя";"Северин Подольский"
"Приключения Незнайки и его друзей. Незнайка в солнечном городе Рисунки А. Лаптева";"Николай Николаевич Носов"
"Приключения Незнайки и его друзей";"Николай Николаевич Носов"
"Незнайка в Солнечном городе";"Николай Носов"
"Незнайка на Луне";"Николай Носов"
"Незнайка. 40 лет спустя";"Северин Подольский"
"Приключения Незнайки и его друзей. Незнайка в солнечном городе Рисунки А. Лаптева";"Николай Николаевич Носов"
"Приключения Незнайки и его друзей";"Николай Николаевич Носов"
"Незнайка в Солнечном городе";"Николай Носов"
"Незнайка на Луне";"Николай Носов"
"Приключения Незнайки и его друзей. Незнайка в солнечном городе Рисунки А. Лаптева";"Николай Николаевич Носов"
"Приключения Незнайки и его друзей. Незнайка в солнечном городе Рисунки А. Лаптева";"Николай Николаевич Носов"
"Приключения Незнайки и его друзей";"Николай Николаевич Носов"
"Приключения Незнайки и его друзей. Незнайка в солнечном городе Рисунки А. Лаптева";"Николай Николаевич Носов"
"Приключения Незнайки и его друзей";"Николай Николаевич Носов"
"Незнайка в Солнечном городе";"Николай Носов"
"Приключения Незнайки и его друзей. Незнайка в солнечном городе Рисунки А. Лаптева";"Николай Николаевич Носов"
"Приключения Незнайки и его друзей";"Николай Николаевич Носов"
"Незнайка в Солнечном городе";"Николай Носов"
"Незнайка на Луне";"Николай Носов"
"Приключения Незнайки и его друзей. Незнайка в солнечном городе Рисунки А. Лаптева";"Николай Николаевич Носов"
"Приключения Незнайки и его друзей";"Николай Николаевич Носов"
"Незнайка в Солнечном городе";"Николай Носов"
"Незнайка на Луне";"Николай Носов"
"Незнайка. 40 лет спустя";"Северин Подольский"
"Приключения Незнайки и его друзей. Незнайка в солнечном городе Рисунки А. Лаптева";"Николай Николаевич Носов"
"Приключения Незнайки и его друзей";"Николай Николаевич Носов"
"Незнайка в Солнечном городе";"Николай Носов"
"Незнайка на Луне";"Николай Носов"
"Незнайка. 40 лет спустя";"Северин Подольский"
"Приключения Незнайки и его друзей. Незнайка в солнечном городе Рисунки А. Лаптева";"Николай Николаевич Носов"
"Приключения Незнайки и его друзей";"Николай Николаевич Носов"
"Незнайка в Солнечном городе";"Николай Носов"
"Незнайка на Луне";"Николай Носов"
"Незнайка. 40 лет спустя";"Северин Подольский"
"Приключения Незнайки и его друзей. Незнайка в солнечном городе Рисунки А. Лаптева";"Николай Николаевич Носов"
"Приключения Незнайки и его друзей. Незнайка в солнечном городе Рисунки А. Лаптева";"Николай Николаевич Носов"
"Приключения Незнайки и его друзей";"Николай Николаевич Носов"
"Приключения Незнайки и его друзей. Незнайка в солнечном городе Рисунки А. Лаптева";"Николай Николаевич Носов"
"Приключения Незнайки и его друзей";"Николай Николаевич Носов"
"Незнайка в Солнечном городе";"Николай Носов"
"Приключения Незнайки и его друзей. Незнайка в солнечном городе Рисунки А. Лаптева";"Николай Николаевич Носов"
"Приключения Незнайки и его друзей";"Николай Николаевич Носов"
"Незнайка в Солнечном городе";"Николай Носов"
"Незнайка на Луне";"Николай Носов"
"Приключения Незнайки и его друзей. Незнайка в солнечном городе Рисунки А. Лаптева";"Николай Николаевич Носов"
"Приключения Незнайки и его друзей";"Николай Николаевич Носов"
"Незнайка в Солнечном городе";"Николай Носов"
"Незнайка на Луне";"Николай Носов"
"Незнайка. 40 лет спустя";"Северин Подольский"
"Приключения Незнайки и его друзей. Незнайка в солнечном городе Рисунки А. Лаптева";"Николай Николаевич Носов"
"Приключения Незнайки и его друзей";"Николай Николаевич Носов"
"Незнайка в Солнечном городе";"Николай Носов"
"Незнайка на Луне";"Николай Носов"
"Незнайка. 40 лет спустя";"Северин Подольский"
"Приключения Незнайки и его друзей. Незнайка в солнечном городе Рисунки А. Лаптева";"Николай Николаевич Носов"
"Приключения Незнайки и его друзей";"Николай Николаевич Носов"
"Незнайка в Солнечном городе";"Николай Носов"
"Незнайка на Луне";"Николай Носов"
"Незнайка. 40 лет спустя";"Северин Подольский"
"Приключения Незнайки и его друзей. Незнайка в солнечном городе Рисунки А. Лаптева";"Николай Николаевич Носов"
"Приключения Незнайки и его друзей. Незнайка в солнечном городе Рисунки А. Лаптева";"Николай Николаевич Носов"
"Приключения Незнайки и его друзей";"Николай Николаевич Носов"
"Приключения Незнайки и его друзей. Незнайка в солнечном городе Рисунки А. Лаптева";"Николай Николаевич Носов"
"Приключения Незнайки и его друзей";"Николай Николаевич Носов"
"Незнайка в Солнечном городе";"Николай Носов"
"Приключения Незнайки и его друзей. Незнайка в солнечном городе Рисунки А. Лаптева";"Николай Николаевич Носов"
"Приключения Незнайки и его друзей";"Николай Николаевич Носов"
"Незнайка в Солнечном городе";"Николай Носов"
"Незнайка на Луне";"Николай Носов"
"Приключения Незнайки и его друзей. Незнайка в солнечном городе Рисунки А. Лаптева";"Николай Николаевич Носов"
"Приключения Незнайки и его друзей";"Николай Николаевич Носов"
"Незнайка в Солнечном городе";"Николай Носов"
"Незнайка на Луне";"Николай Носов"
"Незнайка. 40 лет спустя";"Северин Подольский"
"Приключения Незнайки и его друзей. Незнайка в солнечном городе Рисунки А. Лаптева";"Николай Николаевич Носов"
"Приключения Незнайки и его друзей";"Николай Николаевич Носов"
"Незнайка в Солнечном городе";"Николай Носов"
"Незнайка на Луне";"Николай Носов"
"Незнайка. 40 лет спустя";"Северин Подольский"
"Приключения Незнайки и его друзей. Незнайка в солнечном городе Рисунки А. Лаптева";"Николай Николаевич Носов"
"Приключения Незнайки и его друзей";"Николай Николаевич Носов"
"Незнайка в Солнечном городе";"Николай Носов"
"Незнайка на Луне";"Николай Носов"
"Незнайка. 40 лет спустя";"Северин Подольский"
"Космические приключения Незнайки, Футика и других коротышек";"Светлана Осеева"
"Приключения Незнайки и его друзей. Незнайка в солнечном городе Рисунки А. Лаптева";"Николай Николаевич Носов"
"Приключения Незнайки и его друзей. Незнайка в солнечном городе Рисунки А. Лаптева";"Николай Николаевич Носов"
"Приключения Незнайки и его друзей";"Николай Николаевич Носов"
"Приключения Незнайки и его друзей. Незнайка в солнечном городе Рисунки А. Лаптева";"Николай Николаевич Носов"
"Приключения Незнайки и его друзей";"Николай Николаевич Носов"
"Незнайка в Солнечном городе";"Николай Носов"
"Приключения Незнайки и его друзей. Незнайка в солнечном городе Рисунки А. Лаптева";"Николай Николаевич Носов"
"Приключения Незнайки и его друзей";"Николай Николаевич Носов"
"Незнайка в Солнечном городе";"Николай Носов"
"Незнайка на Луне";"Николай Носов"
"Приключения Незнайки и его друзей. Незнайка в солнечном городе Рисунки А. Лаптева";"Николай Николаевич Носов"
"Приключения Незнайки и его друзей";"Николай Николаевич Носов"
"Незнайка в Солнечном городе";"Николай Носов"
"Незнайка на Луне";"Николай Носов"
"Незнайка. 40 лет спустя";"Северин Подольский"
"Приключения Незнайки и его друзей. Незнайка в солнечном городе Рисунки А. Лаптева";"Николай Николаевич Носов"
"Приключения Незнайки и его друзей";"Николай Николаевич Носов"
"Незнайка в Солнечном городе";"Николай Носов"
"Незнайка на Луне";"Николай Носов"
"Незнайка. 40 лет спустя";"Северин Подольский"
"Приключения Незнайки и его друзей. Незнайка в солнечном городе Рисунки А. Лаптева";"Николай Николаевич Носов"
"Приключения Незнайки и его друзей";"Николай Николаевич Носов"
"Незнайка в Солнечном городе";"Николай Носов"
"Незнайка на Луне";"Николай Носов"
"Незнайка. 40 лет спустя";"Северин Подольский"
"Космические приключения Незнайки, Футика и других коротышек";"Светлана Осеева"
"Приключения Незнайки и его друзей. Незнайка в солнечном городе Рисунки А. Лаптева";"Николай Николаевич Носов"
"Приключения Незнайки и его друзей. Незнайка в солнечном городе Рисунки А. Лаптева";"Николай Николаевич Носов"
"Приключения Незнайки и его друзей. Незнайка в солнечном городе Рисунки А. Лаптева";"Николай Николаевич Носов"
"Приключения Незнайки и его друзей";"Николай Николаевич Носов"
"Приключения Незнайки и его друзей. Незнайка в солнечном городе Рисунки А. Лаптева";"Николай Николаевич Носов"
"Приключения Незнайки и его друзей";"Николай Николаевич Носов"
"Незнайка в Солнечном городе";"Николай Носов"
"Приключения Незнайки и его друзей. Незнайка в солнечном городе Рисунки А. Лаптева";"Николай Николаевич Носов"
"Приключения Незнайки и его друзей";"Николай Николаевич Носов"
"Незнайка в Солнечном городе";"Николай Носов"
"Незнайка на Луне";"Николай Носов"
"Приключения Незнайки и его друзей. Незнайка в солнечном городе Рисунки А. Лаптева";"Николай Николаевич Носов"
"Приключения Незнайки и его друзей";"Николай Николаевич Носов"
"Незнайка в Солнечном городе";"Николай Носов"
"Незнайка на Луне";"Николай Носов"
"Незнайка. 40 лет спустя";"Северин Подольский"
"Приключения Незнайки и его друзей. Незнайка в солнечном городе Рисунки А. Лаптева";"Николай Николаевич Носов"
"Приключения Незнайки и его друзей";"Николай Николаевич Носов"
"Незнайка в Солнечном городе";"Николай Носов"
"Незнайка на Луне";"Николай Носов"
"Незнайка. 40 лет спустя";"Северин Подольский"
"Приключения Незнайки и его друзей. Незнайка в солнечном городе Рисунки А. Лаптева";"Николай Николаевич Носов"
"Приключения Незнайки и его друзей";"Николай Николаевич Носов"
"Незнайка в Солнечном городе";"Николай Носов"
"Незнайка на Луне";"Николай Носов"
"Незнайка. 40 лет спустя";"Северин Подольский"
"Космические приключения Незнайки, Футика и других коротышек";"Светлана Осеева"
"Приключения Незнайки и его друзей. Незнайка в солнечном городе Рисунки А. Лаптева";"Николай Николаевич Носов"
"Приключения Незнайки и его друзей";"Николай Николаевич Носов"
"Приключения Незнайки и его друзей. Незнайка в солнечном городе Рисунки А. Лаптева";"Николай Николаевич Носов"
"Приключения Незнайки и его друзей. Незнайка в солнечном городе Рисунки А. Лаптева";"Николай Николаевич Носов"
"Приключения Незнайки и его друзей";"Николай Николаевич Носов"
"Приключения Незнайки и его друзей. Незнайка в солнечном городе Рисунки А. Лаптева";"Николай Николаевич Носов"
"Приключения Незнайки и его друзей";"Николай Николаевич Носов"
"Незнайка в Солнечном городе";"Николай Носов"
"Приключения Незнайки и его друзей. Незнайка в солнечном городе Рисунки А. Лаптева";"Николай Николаевич Носов"
"Приключения Незнайки и его друзей";"Николай Николаевич Носов"
"Незнайка в Солнечном городе";"Николай Носов"
"Незнайка на Луне";"Николай Носов"
"Приключения Незнайки и его друзей. Незнайка в солнечном городе Рисунки А. Лаптева";"Николай Николаевич Носов"
"Приключения Незнайки и его друзей";"Николай Николаевич Носов"
"Незнайка в Солнечном городе";"Николай Носов"
"Незнайка на Луне";"Николай Носов"
"Незнайка. 40 лет спустя";"Северин Подольский"
"Приключения Незнайки и его друзей. Незнайка в солнечном городе Рисунки А. Лаптева";"Николай Николаевич Носов"
"Приключения Незнайки и его друзей";"Николай Николаевич Носов"
"Незнайка в Солнечном городе";"Николай Носов"
"Незнайка на Луне";"Николай Носов"
"Незнайка. 40 лет спустя";"Северин Подольский"
"Приключения Незнайки и его друзей. Незнайка в солнечном городе Рисунки А. Лаптева";"Николай Николаевич Носов"
"Приключения Незнайки и его друзей";"Николай Николаевич Носов"
"Незнайка в Солнечном городе";"Николай Носов"
"Незнайка на Луне";"Николай Носов"
"Незнайка. 40 лет спустя";"Северин Подольский"
"Космические приключения Незнайки, Футика и других коротышек";"Светлана Осеева"
"Приключения Незнайки и его друзей. Незнайка в солнечном городе Рисунки А. Лаптева";"Николай Николаевич Носов"
"Приключения Незнайки и его друзей";"Николай Николаевич Носов"
"Незнайка в Солнечном городе";"Николай Носов"
"Приключения Незнайки и его друзей. Незнайка в солнечном городе Рисунки А. Лаптева";"Николай Николаевич Носов"
"Приключения Незнайки и его друзей. Незнайка в солнечном городе Рисунки А. Лаптева";"Николай Николаевич Носов"
"Приключения Незнайки и его друзей";"Николай Николаевич Носов"
"Приключения Незнайки и его друзей. Незнайка в солнечном городе Рисунки А. Лаптева";"Николай Николаевич Носов"
"Приключения Незнайки и его друзей";"Николай Николаевич Носов"
"Незнайка в Солнечном городе";"Николай Носов"
"Приключения Незнайки и его друзей. Незнайка в солнечном городе Рисунки А. Лаптева";"Николай Николаевич Носов"
"Приключения Незнайки и его друзей";"Николай Николаевич Носов"
"Незнайка в Солнечном городе";"Николай Носов"
"Незнайка на Луне";"Николай Носов"
"Приключения Незнайки и его друзей. Незнайка в солнечном городе Рисунки А. Лаптева";"Николай Николаевич Носов"
"Приключения Незнайки и его друзей";"Николай Николаевич Носов"
"Незнайка в Солнечном городе";"Николай Носов"
"Незнайка на Луне";"Николай Носов"
"Незнайка. 40 лет спустя";"Северин Подольский"
"Приключения Незнайки и его друзей. Незнайка в солнечном городе Рисунки А. Лаптева";"Николай Николаевич Носов"
"Приключения Незнайки и его друзей";"Николай Николаевич Носов"
"Незнайка в Солнечном городе";"Николай Носов"
"Незнайка на Луне";"Николай Носов"
"Незнайка. 40 лет спустя";"Северин Подольский"
"Приключения Незнайки и его друзей. Незнайка в солнечном городе Рисунки А. Лаптева";"Николай Николаевич Носов"
"Приключения Незнайки и его друзей";"Николай Николаевич Носов"
"Незнайка в Солнечном городе";"Николай Носов"
"Незнайка на Луне";"Николай Носов"
"Незнайка. 40 лет спустя";"Северин Подольский"
"Космические приключения Незнайки, Футика и других коротышек";"Светлана Осеева"
"Приключения Незнайки и его друзей. Незнайка в солнечном городе Рисунки А. Лаптева";"Николай Николаевич Носов"
"Приключения Незнайки и его друзей";"Николай Николаевич Носов"
"Незнайка в Солнечном городе";"Николай Носов"
"Незнайка на Луне";"Николай Носов"
"Приключения Незнайки и его друзей. Незнайка в солнечном городе Рисунки А. Лаптева";"Николай Николаевич Носов"
"Приключения Незнайки и его друзей. Незнайка в солнечном городе Рисунки А. Лаптева";"Николай Николаевич Носов"
"Приключения Незнайки и его друзей";"Николай Николаевич Носов"
"Приключения Незнайки и его друзей. Незнайка в солнечном городе Рисунки А. Лаптева";"Николай Николаевич Носов"
"Приключения Незнайки и его друзей";"Николай Николаевич Носов"
"Незнайка в Солнечном городе";"Николай Носов"
"Приключения Незнайки и его друзей. Незнайка в солнечном городе Рисунки А. Лаптева";"Николай Николаевич Носов"
"Приключения Незнайки и его друзей";"Николай Николаевич Носов"
"Незнайка в Солнечном городе";"Николай Носов"
"Незнайка на Луне";"Николай Носов"
"Приключения Незнайки и его друзей. Незнайка в солнечном городе Рисунки А. Лаптева";"Николай Николаевич Носов"
"Приключения Незнайки и его друзей";"Николай Николаевич Носов"
"Незнайка в Солнечном городе";"Николай Носов"
"Незнайка на Луне";"Николай Носов"
"Незнайка. 40 лет спустя";"Северин Подольский"
"Приключения Незнайки и его друзей. Незнайка в солнечном городе Рисунки А. Лаптева";"Николай Николаевич Носов"
"Приключения Незнайки и его друзей";"Николай Николаевич Носов"
"Незнайка в Солнечном городе";"Николай Носов"
"Незнайка на Луне";"Николай Носов"
"Незнайка. 40 лет спустя";"Северин Подольский"
"Приключения Незнайки и его друзей. Незнайка в солнечном городе Рисунки А. Лаптева";"Николай Николаевич Носов"
"Приключения Незнайки и его друзей";"Николай Николаевич Носов"
"Незнайка в Солнечном городе";"Николай Носов"
"Незнайка на Луне";"Николай Носов"
"Незнайка. 40 лет спустя";"Северин Подольский"
"Космические приключения Незнайки, Футика и других коротышек";"Светлана Осеева"
"Приключения Незнайки и его друзей. Незнайка в солнечном городе Рисунки А. Лаптева";"Николай Николаевич Носов"
"Приключения Незнайки и его друзей";"Николай Николаевич Носов"
"Незнайка в Солнечном городе";"Николай Носов"
"Незнайка на Луне";"Николай Носов"
"Незнайка. 40 лет спустя";"Северин Подольский"
"Приключения Незнайки и его друзей. Незнайка в солнечном городе Рисунки А. Лаптева";"Николай Николаевич Носов"
"Приключения Незнайки и его друзей. Незнайка в солнечном городе Рисунки А. Лаптева";"Николай Николаевич Носов"
"Приключения Незнайки и его друзей";"Николай Николаевич Носов"
"Приключения Незнайки и его друзей. Незнайка в солнечном городе Рисунки А. Лаптева";"Николай Николаевич Носов"
"Приключения Незнайки и его друзей";"Николай Николаевич Носов"
"Незнайка в Солнечном городе";"Николай Носов"
"Приключения Незнайки и его друзей. Незнайка в солнечном городе Рисунки А. Лаптева";"Николай Николаевич Носов"
"Приключения Незнайки и его друзей";"Николай Николаевич Носов"
"Незнайка в Солнечном городе";"Николай Носов"
"Незнайка на Луне";"Николай Носов"
"Приключения Незнайки и его друзей. Незнайка в солнечном городе Рисунки А. Лаптева";"Николай Николаевич Носов"
"Приключения Незнайки и его друзей";"Николай Николаевич Носов"
"Незнайка в Солнечном городе";"Николай Носов"
"Незнайка на Луне";"Николай Носов"
"Незнайка. 40 лет спустя";"Северин Подольский"
"Приключения Незнайки и его друзей. Незнайка в солнечном городе Рисунки А. Лаптева";"Николай Николаевич Носов"
"Приключения Незнайки и его друзей";"Николай Николаевич Носов"
"Незнайка в Солнечном городе";"Николай Носов"
"Незнайка на Луне";"Николай Носов"
"Незнайка. 40 лет спустя";"Северин Подольский"
"Приключения Незнайки и его друзей. Незнайка в солнечном городе Рисунки А. Лаптева";"Николай Николаевич Носов"
"Приключения Незнайки и его друзей";"Николай Николаевич Носов"
"Незнайка в Солнечном городе";"Николай Носов"
"Незнайка на Луне";"Николай Носов"
"Незнайка. 40 лет спустя";"Северин Подольский"
"Космические приключения Незнайки, Футика и других коротышек";"Светлана Осеева"
"Приключения Незнайки и его друзей. Незнайка в солнечном городе Рисунки А. Лаптева";"Николай Николаевич Носов"
"Приключения Незнайки и его друзей";"Николай Николаевич Носов"
"Незнайка в Солнечном городе";"Николай Носов"
"Незнайка на Луне";"Николай Носов"
"Незнайка. 40 лет спустя";"Северин Подольский"
"Приключения Незнайки и его друзей. Незнайка в солнечном городе Рисунки А. Лаптева";"Николай Николаевич Носов"
"Приключения Незнайки и его друзей. Незнайка в солнечном городе Рисунки А. Лаптева";"Николай Николаевич Носов"
"Приключения Незнайки и его друзей";"Николай Николаевич Носов"
"Приключения Незнайки и его друзей. Незнайка в солнечном городе Рисунки А. Лаптева";"Николай Николаевич Носов"
"Приключения Незнайки и его друзей";"Николай Николаевич Носов"
"Незнайка в Солнечном городе";"Николай Носов"
"Приключения Незнайки и его друзей. Незнайка в солнечном городе Рисунки А. Лаптева";"Николай Николаевич Носов"
"Приключения Незнайки и его друзей";"Николай Николаевич Носов"
"Незнайка в Солнечном городе";"Николай Носов"
"Незнайка на Луне";"Николай Носов"
"Приключения Незнайки и его друзей. Незнайка в солнечном городе Рисунки А. Лаптева";"Николай Николаевич Носов"
"Приключения Незнайки и его друзей";"Николай Николаевич Носов"
"Незнайка в Солнечном городе";"Николай Носов"
"Незнайка на Луне";"Николай Носов"
"Незнайка. 40 лет спустя";"Северин Подольский"
"Приключения Незнайки и его друзей. Незнайка в солнечном городе Рисунки А. Лаптева";"Николай Николаевич Носов"
"Приключения Незнайки и его друзей";"Николай Николаевич Носов"
"Незнайка в Солнечном городе";"Николай Носов"
"Незнайка на Луне";"Николай Носов"
"Незнайка. 40 лет спустя";"Северин Подольский"
"Приключения Незнайки и его друзей. Незнайка в солнечном городе Рисунки А. Лаптева";"Николай Николаевич Носов"
"Приключения Незнайки и его друзей";"Николай Николаевич Носов"
"Незнайка в Солнечном городе";"Николай Носов"
"Незнайка на Луне";"Николай Носов"
"Незнайка. 40 лет спустя";"Северин Подольский"
"Космические приключения Незнайки, Футика и других коротышек";"Светлана Осеева"
"Приключения Незнайки и его друзей. Незнайка в солнечном городе Рисунки А. Лаптева";"Николай Николаевич Носов"
"Приключения Незнайки и его друзей";"Николай Николаевич Носов"
"Незнайка в Солнечном городе";"Николай Носов"
"Незнайка на Луне";"Николай Носов"
"Незнайка. 40 лет спустя";"Северин Подольский"
"Космические приключения Незнайки, Футика и других коротышек";"Светлана Осеева"
"Приключения Незнайки и его друзей. Незнайка в солнечном городе Рисунки А. Лаптева";"Николай Николаевич Носов"
"Приключения Незнайки и его друзей. Незнайка в солнечном городе Рисунки А. Лаптева";"Николай Николаевич Носов"
"Приключения Незнайки и его друзей";"Николай Николаевич Носов"
"Приключения Незнайки и его друзей. Незнайка в солнечном городе Рисунки А. Лаптева";"Николай Николаевич Носов"
"Приключения Незнайки и его друзей";"Николай Николаевич Носов"
"Незнайка в Солнечном городе";"Николай Носов"
"Приключения Незнайки и его друзей. Незнайка в солнечном городе Рисунки А. Лаптева";"Николай Николаевич Носов"
"Приключения Незнайки и его друзей";"Николай Николаевич Носов"
"Незнайка в Солнечном городе";"Николай Носов"
"Незнайка на Луне";"Николай Носов"
"Приключения Незнайки и его друзей. Незнайка в солнечном городе Рисунки А. Лаптева";"Николай Николаевич Носов"
"Приключения Незнайки и его друзей";"Николай Николаевич Носов"
"Незнайка в Солнечном городе";"Николай Носов"
"Незнайка на Луне";"Николай Носов"
"Незнайка. 40 лет спустя";"Северин Подольский"
"Приключения Незнайки и его друзей. Незнайка в солнечном городе Рисунки А. Лаптева";"Николай Николаевич Носов"
"Приключения Незнайки и его друзей";"Николай Николаевич Носов"
"Незнайка в Солнечном городе";"Николай Носов"
"Незнайка на Луне";"Николай Носов"
"Незнайка. 40 лет спустя";"Северин Подольский"
"Приключения Незнайки и его друзей. Незнайка в солнечном городе Рисунки А. Лаптева";"Николай Николаевич Носов"
"Приключения Незнайки и его друзей";"Николай Николаевич Носов"
"Незнайка в Солнечном городе";"Николай Носов"
"Незнайка на Луне";"Николай Носов"
"Незнайка. 40 лет спустя";"Северин Подольский"
"Космические приключения Незнайки, Футика и других коротышек";"Светлана Осеева"
"Приключения Незнайки и его друзей. Незнайка в солнечном городе Рисунки А. Лаптева";"Николай Николаевич Носов"
"Приключения Незнайки и его друзей";"Николай Николаевич Носов"
"Незнайка в Солнечном городе";"Николай Носов"
"Незнайка на Луне";"Николай Носов"
"Незнайка. 40 лет спустя";"Северин Подольский"
"Космические приключения Незнайки, Футика и других коротышек";"Светлана Осеева"
"Остров Незнайки";"Игорь Носов"
"Приключения Незнайки и его друзей. Незнайка в солнечном городе Рисунки А. Лаптева";"Николай Николаевич Носов"
"Приключения Незнайки и его друзей. Незнайка в солнечном городе Рисунки А. Лаптева";"Николай Николаевич Носов"
"Приключения Незнайки и его друзей";"Николай Николаевич Носов"
"Приключения Незнайки и его друзей. Незнайка в солнечном городе Рисунки А. Лаптева";"Николай Николаевич Носов"
"Приключения Незнайки и его друзей";"Николай Николаевич Носов"
"Незнайка в Солнечном городе";"Николай Носов"
"Приключения Незнайки и его друзей. Незнайка в солнечном городе Рисунки А. Лаптева";"Николай Николаевич Носов"
"Приключения Незнайки и его друзей";"Николай Николаевич Носов"
"Незнайка в Солнечном городе";"Николай Носов"
"Незнайка на Луне";"Николай Носов"
"Приключения Незнайки и его друзей. Незнайка в солнечном городе Рисунки А. Лаптева";"Николай Николаевич Носов"
"Приключения Незнайки и его друзей";"Николай Николаевич Носов"
"Незнайка в Солнечном городе";"Николай Носов"
"Незнайка на Луне";"Николай Носов"
"Незнайка. 40 лет спустя";"Северин Подольский"
"Приключения Незнайки и его друзей. Незнайка в солнечном городе Рисунки А. Лаптева";"Николай Николаевич Носов"
"Приключения Незнайки и его друзей";"Николай Николаевич Носов"
"Незнайка в Солнечном городе";"Николай Носов"
"Незнайка на Луне";"Николай Носов"
"Незнайка. 40 лет спустя";"Северин Подольский"
"Приключения Незнайки и его друзей. Незнайка в солнечном городе Рисунки А. Лаптева";"Николай Николаевич Носов"
"Приключения Незнайки и его друзей";"Николай Николаевич Носов"
"Незнайка в Солнечном городе";"Николай Носов"
"Незнайка на Луне";"Николай Носов"
"Незнайка. 40 лет спустя";"Северин Подольский"
"Космические приключения Незнайки, Футика и других коротышек";"Светлана Осеева"
"Приключения Незнайки и его друзей. Незнайка в солнечном городе Рисунки А. Лаптева";"Николай Николаевич Носов"
"Приключения Незнайки и его друзей";"Николай Николаевич Носов"
"Незнайка в Солнечном городе";"Николай Носов"
"Незнайка на Луне";"Николай Носов"
"Незнайка. 40 лет спустя";"Северин Подольский"
"Космические приключения Незнайки, Футика и других коротышек";"Светлана Осеева"
"Остров Незнайки";"Игорь Носов"
"Приключения Незнайки и его друзей. Незнайка в солнечном городе Рисунки А. Лаптева";"Николай Николаевич Носов"
"Приключения Незнайки и его друзей. Незнайка в солнечном городе Рисунки А. Лаптева";"Николай Николаевич Носов"
"Приключения Незнайки и его друзей. Незнайка в солнечном городе Рисунки А. Лаптева";"Николай Николаевич Носов"
"Приключения Незнайки и его друзей";"Николай Николаевич Носов"
"Приключения Незнайки и его друзей. Незнайка в солнечном городе Рисунки А. Лаптева";"Николай Николаевич Носов"
"Приключения Незнайки и его друзей";"Николай Николаевич Носов"
"Незнайка в Солнечном городе";"Николай Носов"
"Приключения Незнайки и его друзей. Незнайка в солнечном городе Рисунки А. Лаптева";"Николай Николаевич Носов"
"Приключения Незнайки и его друзей";"Николай Николаевич Носов"
"Незнайка в Солнечном городе";"Николай Носов"
"Незнайка на Луне";"Николай Носов"
"Приключения Незнайки и его друзей. Незнайка в солнечном городе Рисунки А. Лаптева";"Николай Николаевич Носов"
"Приключения Незнайки и его друзей";"Николай Николаевич Носов"
"Незнайка в Солнечном городе";"Николай Носов"
"Незнайка на Луне";"Николай Носов"
"Незнайка. 40 лет спустя";"Северин Подольский"
"Приключения Незнайки и его друзей. Незнайка в солнечном городе Рисунки А. Лаптева";"Николай Николаевич Носов"
"Приключения Незнайки и его друзей";"Николай Николаевич Носов"
"Незнайка в Солнечном городе";"Николай Носов"
"Незнайка на Луне";"Николай Носов"
"Незнайка. 40 лет спустя";"Северин Подольский"
"Приключения Незнайки и его друзей. Незнайка в солнечном городе Рисунки А. Лаптева";"Николай Николаевич Носов"
"Приключения Незнайки и его друзей";"Николай Николаевич Носов"
"Незнайка в Солнечном городе";"Николай Носов"
"Незнайка на Луне";"Николай Носов"
"Незнайка. 40 лет спустя";"Северин Подольский"
"Космические приключения Незнайки, Футика и других коротышек";"Светлана Осеева"
"Приключения Незнайки и его друзей. Незнайка в солнечном городе Рисунки А. Лаптева";"Николай Николаевич Носов"
"Приключения Незнайки и его друзей";"Николай Николаевич Носов"
"Незнайка в Солнечном городе";"Николай Носов"
"Незнайка на Луне";"Николай Носов"
"Незнайка. 40 лет спустя";"Северин Подольский"
"Космические приключения Незнайки, Футика и других коротышек";"Светлана Осеева"
"Остров Незнайки";"Игорь Носов"
"Приключения Незнайки и его друзей. Незнайка в солнечном городе Рисунки А. Лаптева";"Николай Николаевич Носов"
"Приключения Незнайки и его друзей";"Николай Николаевич Носов"
"Приключения Незнайки и его друзей. Незнайка в солнечном городе Рисунки А. Лаптева";"Николай Николаевич Носов"
"Приключения Незнайки и его друзей. Незнайка в солнечном городе Рисунки А. Лаптева";"Николай Николаевич Носов"
"Приключения Незнайки и его друзей";"Николай Николаевич Носов"
"Приключения Незнайки и его друзей. Незнайка в солнечном городе Рисунки А. Лаптева";"Николай Николаевич Носов"
"Приключения Незнайки и его друзей";"Николай Николаевич Носов"
"Незнайка в Солнечном городе";"Николай Носов"
"Приключения Незнайки и его друзей. Незнайка в солнечном городе Рисунки А. Лаптева";"Николай Николаевич Носов"
"Приключения Незнайки и его друзей";"Николай Николаевич Носов"
"Незнайка в Солнечном городе";"Николай Носов"
"Незнайка на Луне";"Николай Носов"
"Приключения Незнайки и его друзей. Незнайка в солнечном городе Рисунки А. Лаптева";"Николай Николаевич Носов"
"Приключения Незнайки и его друзей";"Николай Николаевич Носов"
"Незнайка в Солнечном городе";"Николай Носов"
"Незнайка на Луне";"Николай Носов"
"Незнайка. 40 лет спустя";"Северин Подольский"
"Приключения Незнайки и его друзей. Незнайка в солнечном городе Рисунки А. Лаптева";"Николай Николаевич Носов"
"Приключения Незнайки и его друзей";"Николай Николаевич Носов"
"Незнайка в Солнечном городе";"Николай Носов"
"Незнайка на Луне";"Николай Носов"
"Незнайка. 40 лет спустя";"Северин Подольский"
"Приключения Незнайки и его друзей. Незнайка в солнечном городе Рисунки А. Лаптева";"Николай Николаевич Носов"
"Приключения Незнайки и его друзей";"Николай Николаевич Носов"
"Незнайка в Солнечном городе";"Николай Носов"
"Незнайка на Луне";"Николай Носов"
"Незнайка. 40 лет спустя";"Северин Подольский"
"Космические приключения Незнайки, Футика и других коротышек";"Светлана Осеева"
"Приключения Незнайки и его друзей. Незнайка в солнечном городе Рисунки А. Лаптева";"Николай Николаевич Носов"
"Приключения Незнайки и его друзей";"Николай Николаевич Носов"
"Незнайка в Солнечном городе";"Николай Носов"
"Незнайка на Луне";"Николай Носов"
"Незнайка. 40 лет спустя";"Северин Подольский"
"Космические приключения Незнайки, Футика и других коротышек";"Светлана Осеева"
"Остров Незнайки";"Игорь Носов"
"Приключения Незнайки и его друзей. Незнайка в солнечном городе Рисунки А. Лаптева";"Николай Николаевич Носов"
"Приключения Незнайки и его друзей";"Николай Николаевич Носов"
"Незнайка в Солнечном городе";"Николай Носов"
"Приключения Незнайки и его друзей. Незнайка в солнечном городе Рисунки А. Лаптева";"Николай Николаевич Носов"
"Приключения Незнайки и его друзей. Незнайка в солнечном городе Рисунки А. Лаптева";"Николай Николаевич Носов"
"Приключения Незнайки и его друзей";"Николай Николаевич Носов"
"Приключения Незнайки и его друзей. Незнайка в солнечном городе Рисунки А. Лаптева";"Николай Николаевич Носов"
"Приключения Незнайки и его друзей";"Николай Николаевич Носов"
"Незнайка в Солнечном городе";"Николай Носов"
"Приключения Незнайки и его друзей. Незнайка в солнечном городе Рисунки А. Лаптева";"Николай Николаевич Носов"
"Приключения Незнайки и его друзей";"Николай Николаевич Носов"
"Незнайка в Солнечном городе";"Николай Носов"
"Незнайка на Луне";"Николай Носов"
"Приключения Незнайки и его друзей. Незнайка в солнечном городе Рисунки А. Лаптева";"Николай Николаевич Носов"
"Приключения Незнайки и его друзей";"Николай Николаевич Носов"
"Незнайка в Солнечном городе";"Николай Носов"
"Незнайка на Луне";"Николай Носов"
"Незнайка. 40 лет спустя";"Северин Подольский"
"Приключения Незнайки и его друзей. Незнайка в солнечном городе Рисунки А. Лаптева";"Николай Николаевич Носов"
"Приключения Незнайки и его друзей";"Николай Николаевич Носов"
"Незнайка в Солнечном городе";"Николай Носов"
"Незнайка на Луне";"Николай Носов"
"Незнайка. 40 лет спустя";"Северин Подольский"
"Приключения Незнайки и его друзей. Незнайка в солнечном городе Рисунки А. Лаптева";"Николай Николаевич Носов"
"Приключения Незнайки и его друзей";"Николай Николаевич Носов"
"Незнайка в Солнечном городе";"Николай Носов"
"Незнайка на Луне";"Николай Носов"
"Незнайка. 40 лет спустя";"Северин Подольский"
"Космические приключения Незнайки, Футика и других коротышек";"Светлана Осеева"
"Приключения Незнайки и его друзей. Незнайка в солнечном городе Рисунки А. Лаптева";"Николай Николаевич Носов"
"Приключения Незнайки и его друзей";"Николай Николаевич Носов"
"Незнайка в Солнечном городе";"Николай Носов"
"Незнайка на Луне";"Николай Носов"
"Незнайка. 40 лет спустя";"Северин Подольский"
"Космические приключения Незнайки, Футика и других коротышек";"Светлана Осеева"
"Остров Незнайки";"Игорь Носов"
"Приключения Незнайки и его друзей. Незнайка в солнечном городе Рисунки А. Лаптева";"Николай Николаевич Носов"
"Приключения Незнайки и его друзей";"Николай Николаевич Носов"
"Незнайка в Солнечном городе";"Николай Носов"
"Незнайка на Луне";"Николай Носов"
"Приключения Незнайки и его друзей. Незнайка в солнечном городе Рисунки А. Лаптева";"Николай Николаевич Носов"
"Приключения Незнайки и его друзей. Незнайка в солнечном городе Рисунки А. Лаптева";"Николай Николаевич Носов"
"Приключения Незнайки и его друзей";"Николай Николаевич Носов"
"Приключения Незнайки и его друзей. Незнайка в солнечном городе Рисунки А. Лаптева";"Николай Николаевич Носов"
"Приключения Незнайки и его друзей";"Николай Николаевич Носов"
"Незнайка в Солнечном городе";"Николай Носов"
"Приключения Незнайки и его друзей. Незнайка в солнечном городе Рисунки А. Лаптева";"Николай Николаевич Носов"
"Приключения Незнайки и его друзей";"Николай Николаевич Носов"
"Незнайка в Солнечном городе";"Николай Носов"
"Незнайка на Луне";"Николай Носов"
"Приключения Незнайки и его друзей. Незнайка в солнечном городе Рисунки А. Лаптева";"Николай Николаевич Носов"
"Приключения Незнайки и его друзей";"Николай Николаевич Носов"
"Незнайка в Солнечном городе";"Николай Носов"
"Незнайка на Луне";"Николай Носов"
"Незнайка. 40 лет спустя";"Северин Подольский"
"Приключения Незнайки и его друзей. Незнайка в солнечном городе Рисунки А. Лаптева";"Николай Николаевич Носов"
"Приключения Незнайки и его друзей";"Николай Николаевич Носов"
"Незнайка в Солнечном городе";"Николай Носов"
"Незнайка на Луне";"Николай Носов"
"Незнайка. 40 лет спустя";"Северин Подольский"
"Приключения Незнайки и его друзей. Незнайка в солнечном городе Рисунки А. Лаптева";"Николай Николаевич Носов"
"Приключения Незнайки и его друзей";"Николай Николаевич Носов"
"Незнайка в Солнечном городе";"Николай Носов"
"Незнайка на Луне";"Николай Носов"
"Незнайка. 40 лет спустя";"Северин Подольский"
"Космические приключения Незнайки, Футика и других коротышек";"Светлана Осеева"
"Приключения Незнайки и его друзей. Незнайка в солнечном городе Рисунки А. Лаптева";"Николай Николаевич Носов"
"Приключения Незнайки и его друзей";"Николай Николаевич Носов"
"Незнайка в Солнечном городе";"Николай Носов"
"Незнайка на Луне";"Николай Носов"
"Незнайка. 40 лет спустя";"Северин Подольский"
"Космические приключения Незнайки, Футика и других коротышек";"Светлана Осеева"
"Остров Незнайки";"Игорь Носов"
"Приключения Незнайки и его друзей. Незнайка в солнечном городе Рисунки А. Лаптева";"Николай Николаевич Носов"
"Приключения Незнайки и его друзей";"Николай Николаевич Носов"
"Незнайка в Солнечном городе";"Николай Носов"
"Незнайка на Луне";"Николай Носов"
"Незнайка. 40 лет спустя";"Северин Подольский"
"Приключения Незнайки и его друзей. Незнайка в солнечном городе Рисунки А. Лаптева";"Николай Николаевич Носов"
"Приключения Незнайки и его друзей. Незнайка в солнечном городе Рисунки А. Лаптева";"Николай Николаевич Носов"
"Приключения Незнайки и его друзей";"Николай Николаевич Носов"
"Приключения Незнайки и его друзей. Незнайка в солнечном городе Рисунки А. Лаптева";"Николай Николаевич Носов"
"Приключения Незнайки и его друзей";"Николай Николаевич Носов"
"Незнайка в Солнечном городе";"Николай Носов"
"Приключения Незнайки и его друзей. Незнайка в солнечном городе Рисунки А. Лаптева";"Николай Николаевич Носов"
"Приключения Незнайки и его друзей";"Николай Николаевич Носов"
"Незнайка в Солнечном городе";"Николай Носов"
"Незнайка на Луне";"Николай Носов"
"Приключения Незнайки и его друзей. Незнайка в солнечном городе Рисунки А. Лаптева";"Николай Николаевич Носов"
"Приключения Незнайки и его друзей";"Николай Николаевич Носов"
"Незнайка в Солнечном городе";"Николай Носов"
"Незнайка на Луне";"Николай Носов"
"Незнайка. 40 лет спустя";"Северин Подольский"
"Приключения Незнайки и его друзей. Незнайка в солнечном городе Рисунки А. Лаптева";"Николай Николаевич Носов"
"Приключения Незнайки и его друзей";"Николай Николаевич Носов"
"Незнайка в Солнечном городе";"Николай Носов"
"Незнайка на Луне";"Николай Носов"
"Незнайка. 40 лет спустя";"Северин Подольский"
"Приключения Незнайки и его друзей. Незнайка в солнечном городе Рисунки А. Лаптева";"Николай Николаевич Носов"
"Приключения Незнайки и его друзей";"Николай Николаевич Носов"
"Незнайка в Солнечном городе";"Николай Носов"
"Незнайка на Луне";"Николай Носов"
"Незнайка. 40 лет спустя";"Северин Подольский"
"Космические приключения Незнайки, Футика и других коротышек";"Светлана Осеева"
"Приключения Незнайки и его друзей. Незнайка в солнечном городе Рисунки А. Лаптева";"Николай Николаевич Носов"
"Приключения Незнайки и его друзей";"Николай Николаевич Носов"
"Незнайка в Солнечном городе";"Николай Носов"
"Незнайка на Луне";"Николай Носов"
"Незнайка. 40 лет спустя";"Северин Подольский"
"Космические приключения Незнайки, Футика и других коротышек";"Светлана Осеева"
"Остров Незнайки";"Игорь Носов"
"Приключения Незнайки и его друзей. Незнайка в солнечном городе Рисунки А. Лаптева";"Николай Николаевич Носов"
"Приключения Незнайки и его друзей";"Николай Николаевич Носов"
"Незнайка в Солнечном городе";"Николай Носов"
"Незнайка на Луне";"Николай Носов"
"Незнайка. 40 лет спустя";"Северин Подольский"
"Приключения Незнайки и его друзей. Незнайка в солнечном городе Рисунки А. Лаптева";"Николай Николаевич Носов"
"Приключения Незнайки и его друзей. Незнайка в солнечном городе Рисунки А. Лаптева";"Николай Николаевич Носов"
"Приключения Незнайки и его друзей";"Николай Николаевич Носов"
"Приключения Незнайки и его друзей. Незнайка в солнечном городе Рисунки А. Лаптева";"Николай Николаевич Носов"
"Приключения Незнайки и его друзей";"Николай Николаевич Носов"
"Незнайка в Солнечном городе";"Николай Носов"
"Приключения Незнайки и его друзей. Незнайка в солнечном городе Рисунки А. Лаптева";"Николай Николаевич Носов"
"Приключения Незнайки и его друзей";"Николай Николаевич Носов"
"Незнайка в Солнечном городе";"Николай Носов"
"Незнайка на Луне";"Николай Носов"
"Приключения Незнайки и его друзей. Незнайка в солнечном городе Рисунки А. Лаптева";"Николай Николаевич Носов"
"Приключения Незнайки и его друзей";"Николай Николаевич Носов"
"Незнайка в Солнечном городе";"Николай Носов"
"Незнайка на Луне";"Николай Носов"
"Незнайка. 40 лет спустя";"Северин Подольский"
"Приключения Незнайки и его друзей. Незнайка в солнечном городе Рисунки А. Лаптева";"Николай Николаевич Носов"
"Приключения Незнайки и его друзей";"Николай Николаевич Носов"
"Незнайка в Солнечном городе";"Николай Носов"
"Незнайка на Луне";"Николай Носов"
"Незнайка. 40 лет спустя";"Северин Подольский"
"Приключения Незнайки и его друзей. Незнайка в солнечном городе Рисунки А. Лаптева";"Николай Николаевич Носов"
"Приключения Незнайки и его друзей";"Николай Николаевич Носов"
"Незнайка в Солнечном городе";"Николай Носов"
"Незнайка на Луне";"Николай Носов"
"Незнайка. 40 лет спустя";"Северин Подольский"
"Космические приключения Незнайки, Футика и других коротышек";"Светлана Осеева"
"Приключения Незнайки и его друзей. Незнайка в солнечном городе Рисунки А. Лаптева";"Николай Николаевич Носов"
"Приключения Незнайки и его друзей";"Николай Николаевич Носов"
"Незнайка в Солнечном городе";"Николай Носов"
"Незнайка на Луне";"Николай Носов"
"Незнайка. 40 лет спустя";"Северин Подольский"
"Космические приключения Незнайки, Футика и других коротышек";"Светлана Осеева"
"Остров Незнайки";"Игорь Носов"
"Приключения Незнайки и его друзей. Незнайка в солнечном городе Рисунки А. Лаптева";"Николай Николаевич Носов"
"Приключения Незнайки и его друзей";"Николай Николаевич Носов"
"Незнайка в Солнечном городе";"Николай Носов"
"Незнайка на Луне";"Николай Носов"
"Незнайка. 40 лет спустя";"Северин Подольский"
"Космические приключения Незнайки, Футика и других коротышек";"Светлана Осеева"
"Приключения Незнайки и его друзей. Незнайка в солнечном городе Рисунки А. Лаптева";"Николай Николаевич Носов"
"Приключения Незнайки и его друзей. Незнайка в солнечном городе Рисунки А. Лаптева";"Николай Николаевич Носов"
"Приключения Незнайки и его друзей";"Николай Николаевич Носов"
"Приключения Незнайки и его друзей. Незнайка в солнечном городе Рисунки А. Лаптева";"Николай Николаевич Носов"
"Приключения Незнайки и его друзей";"Николай Николаевич Носов"
"Незнайка в Солнечном городе";"Николай Носов"
"Приключения Незнайки и его друзей. Незнайка в солнечном городе Рисунки А. Лаптева";"Николай Николаевич Носов"
"Приключения Незнайки и его друзей";"Николай Николаевич Носов"
"Незнайка в Солнечном городе";"Николай Носов"
"Незнайка на Луне";"Николай Носов"
"Приключения Незнайки и его друзей. Незнайка в солнечном городе Рисунки А. Лаптева";"Николай Николаевич Носов"
"Приключения Незнайки и его друзей";"Николай Николаевич Носов"
"Незнайка в Солнечном городе";"Николай Носов"
"Незнайка на Луне";"Николай Носов"
"Незнайка. 40 лет спустя";"Северин Подольский"
"Приключения Незнайки и его друзей. Незнайка в солнечном городе Рисунки А. Лаптева";"Николай Николаевич Носов"
"Приключения Незнайки и его друзей";"Николай Николаевич Носов"
"Незнайка в Солнечном городе";"Николай Носов"
"Незнайка на Луне";"Николай Носов"
"Незнайка. 40 лет спустя";"Северин Подольский"
"Приключения Незнайки и его друзей. Незнайка в солнечном городе Рисунки А. Лаптева";"Николай Николаевич Носов"
"Приключения Незнайки и его друзей";"Николай Николаевич Носов"
"Незнайка в Солнечном городе";"Николай Носов"
"Незнайка на Луне";"Николай Носов"
"Незнайка. 40 лет спустя";"Северин Подольский"
"Космические приключения Незнайки, Футика и других коротышек";"Светлана Осеева"
"Приключения Незнайки и его друзей. Незнайка в солнечном городе Рисунки А. Лаптева";"Николай Николаевич Носов"
"Приключения Незнайки и его друзей";"Николай Николаевич Носов"
"Незнайка в Солнечном городе";"Николай Носов"
"Незнайка на Луне";"Николай Носов"
"Незнайка. 40 лет спустя";"Северин Подольский"
"Космические приключения Незнайки, Футика и других коротышек";"Светлана Осеева"
"Остров Незнайки";"Игорь Носов"
"Приключения Незнайки и его друзей. Незнайка в солнечном городе Рисунки А. Лаптева";"Николай Николаевич Носов"
"Приключения Незнайки и его друзей";"Николай Николаевич Носов"
"Незнайка в Солнечном городе";"Николай Носов"
"Незнайка на Луне";"Николай Носов"
"Незнайка. 40 лет спустя";"Северин Подольский"
"Космические приключения Незнайки, Футика и других коротышек";"Светлана Осеева"
"Остров Незнайки";"Игорь Носов"
"Приключения Незнайки и его друзей. Незнайка в солнечном городе Рисунки А. Лаптева";"Николай Николаевич Носов"
"Приключения Незнайки и его друзей. Незнайка в солнечном городе Рисунки А. Лаптева";"Николай Николаевич Носов"
"Приключения Незнайки и его друзей";"Николай Николаевич Носов"
"Приключения Незнайки и его друзей. Незнайка в солнечном городе Рисунки А. Лаптева";"Николай Николаевич Носов"
"Приключения Незнайки и его друзей";"Николай Николаевич Носов"
"Незнайка в Солнечном городе";"Николай Носов"
"Приключения Незнайки и его друзей. Незнайка в солнечном городе Рисунки А. Лаптева";"Николай Николаевич Носов"
"Приключения Незнайки и его друзей";"Николай Николаевич Носов"
"Незнайка в Солнечном городе";"Николай Носов"
"Незнайка на Луне";"Николай Носов"
"Приключения Незнайки и его друзей. Незнайка в солнечном городе Рисунки А. Лаптева";"Николай Николаевич Носов"
"Приключения Незнайки и его друзей";"Николай Николаевич Носов"
"Незнайка в Солнечном городе";"Николай Носов"
"Незнайка на Луне";"Николай Носов"
"Незнайка. 40 лет спустя";"Северин Подольский"
"Приключения Незнайки и его друзей. Незнайка в солнечном городе Рисунки А. Лаптева";"Николай Николаевич Носов"
"Приключения Незнайки и его друзей";"Николай Николаевич Носов"
"Незнайка в Солнечном городе";"Николай Носов"
"Незнайка на Луне";"Николай Носов"
"Незнайка. 40 лет спустя";"Северин Подольский"
"Приключения Незнайки и его друзей. Незнайка в солнечном городе Рисунки А. Лаптева";"Николай Николаевич Носов"
"Приключения Незнайки и его друзей";"Николай Николаевич Носов"
"Незнайка в Солнечном городе";"Николай Носов"
"Незнайка на Луне";"Николай Носов"
"Незнайка. 40 лет спустя";"Северин Подольский"
"Космические приключения Незнайки, Футика и других коротышек";"Светлана Осеева"
"Приключения Незнайки и его друзей. Незнайка в солнечном городе Рисунки А. Лаптева";"Николай Николаевич Носов"
"Приключения Незнайки и его друзей";"Николай Николаевич Носов"
"Незнайка в Солнечном городе";"Николай Носов"
"Незнайка на Луне";"Николай Носов"
"Незнайка. 40 лет спустя";"Северин Подольский"
"Космические приключения Незнайки, Футика и других коротышек";"Светлана Осеева"
"Остров Незнайки";"Игорь Носов"
"Приключения Незнайки и его друзей. Незнайка в солнечном городе Рисунки А. Лаптева";"Николай Николаевич Носов"
"Приключения Незнайки и его друзей";"Николай Николаевич Носов"
"Незнайка в Солнечном городе";"Николай Носов"
"Незнайка на Луне";"Николай Носов"
"Незнайка. 40 лет спустя";"Северин Подольский"
"Космические приключения Незнайки, Футика и других коротышек";"Светлана Осеева"
"Остров Незнайки";"Игорь Носов"
"Путешествие Незнайки в Каменный город";"Игорь Носов"
"Приключения Незнайки и его друзей. Незнайка в солнечном городе Рисунки А. Лаптева";"Николай Николаевич Носов"
"Приключения Незнайки и его друзей. Незнайка в солнечном городе Рисунки А. Лаптева";"Николай Николаевич Носов"
"Приключения Незнайки и его друзей";"Николай Николаевич Носов"
"Приключения Незнайки и его друзей. Незнайка в солнечном городе Рисунки А. Лаптева";"Николай Николаевич Носов"
"Приключения Незнайки и его друзей";"Николай Николаевич Носов"
"Незнайка в Солнечном городе";"Николай Носов"
"Приключения Незнайки и его друзей. Незнайка в солнечном городе Рисунки А. Лаптева";"Николай Николаевич Носов"
"Приключения Незнайки и его друзей";"Николай Николаевич Носов"
"Незнайка в Солнечном городе";"Николай Носов"
"Незнайка на Луне";"Николай Носов"
"Приключения Незнайки и его друзей. Незнайка в солнечном городе Рисунки А. Лаптева";"Николай Николаевич Носов"
"Приключения Незнайки и его друзей";"Николай Николаевич Носов"
"Незнайка в Солнечном городе";"Николай Носов"
"Незнайка на Луне";"Николай Носов"
"Незнайка. 40 лет спустя";"Северин Подольский"
"Приключения Незнайки и его друзей. Незнайка в солнечном городе Рисунки А. Лаптева";"Николай Николаевич Носов"
"Приключения Незнайки и его друзей";"Николай Николаевич Носов"
"Незнайка в Солнечном городе";"Николай Носов"
"Незнайка на Луне";"Николай Носов"
"Незнайка. 40 лет спустя";"Северин Подольский"
"Приключения Незнайки и его друзей. Незнайка в солнечном городе Рисунки А. Лаптева";"Николай Николаевич Носов"
"Приключения Незнайки и его друзей";"Николай Николаевич Носов"
"Незнайка в Солнечном городе";"Николай Носов"
"Незнайка на Луне";"Николай Носов"
"Незнайка. 40 лет спустя";"Северин Подольский"
"Космические приключения Незнайки, Футика и других коротышек";"Светлана Осеева"
"Приключения Незнайки и его друзей. Незнайка в солнечном городе Рисунки А. Лаптева";"Николай Николаевич Носов"
"Приключения Незнайки и его друзей";"Николай Николаевич Носов"
"Незнайка в Солнечном городе";"Николай Носов"
"Незнайка на Луне";"Николай Носов"
"Незнайка. 40 лет спустя";"Северин Подольский"
"Космические приключения Незнайки, Футика и других коротышек";"Светлана Осеева"
"Остров Незнайки";"Игорь Носов"
"Приключения Незнайки и его друзей. Незнайка в солнечном городе Рисунки А. Лаптева";"Николай Николаевич Носов"
"Приключения Незнайки и его друзей";"Николай Николаевич Носов"
"Незнайка в Солнечном городе";"Николай Носов"
"Незнайка на Луне";"Николай Носов"
"Незнайка. 40 лет спустя";"Северин Подольский"
"Космические приключения Незнайки, Футика и других коротышек";"Светлана Осеева"
"Остров Незнайки";"Игорь Носов"
"Путешествие Незнайки в Каменный город";"Игорь Носов"
"Приключения Незнайки и его друзей. Незнайка в солнечном городе Рисунки А. Лаптева";"Николай Николаевич Носов"
"Приключения Незнайки и его друзей. Незнайка в солнечном городе Рисунки А. Лаптева";"Николай Николаевич Носов"
"Приключения Незнайки и его друзей. Незнайка в солнечном городе Рисунки А. Лаптева";"Николай Николаевич Носов"
"Приключения Незнайки и его друзей";"Николай Николаевич Носов"
"Приключения Незнайки и его друзей. Незнайка в солнечном городе Рисунки А. Лаптева";"Николай Николаевич Носов"
"Приключения Незнайки и его друзей";"Николай Николаевич Носов"
"Незнайка в Солнечном городе";"Николай Носов"
"Приключения Незнайки и его друзей. Незнайка в солнечном городе Рисунки А. Лаптева";"Николай Николаевич Носов"
"Приключения Незнайки и его друзей";"Николай Николаевич Носов"
"Незнайка в Солнечном городе";"Николай Носов"
"Незнайка на Луне";"Николай Носов"
"Приключения Незнайки и его друзей. Незнайка в солнечном городе Рисунки А. Лаптева";"Николай Николаевич Носов"
"Приключения Незнайки и его друзей";"Николай Николаевич Носов"
"Незнайка в Солнечном городе";"Николай Носов"
"Незнайка на Луне";"Николай Носов"
"Незнайка. 40 лет спустя";"Северин Подольский"
"Приключения Незнайки и его друзей. Незнайка в солнечном городе Рисунки А. Лаптева";"Николай Николаевич Носов"
"Приключения Незнайки и его друзей";"Николай Николаевич Носов"
"Незнайка в Солнечном городе";"Николай Носов"
"Незнайка на Луне";"Николай Носов"
"Незнайка. 40 лет спустя";"Северин Подольский"
"Приключения Незнайки и его друзей. Незнайка в солнечном городе Рисунки А. Лаптева";"Николай Николаевич Носов"
"Приключения Незнайки и его друзей";"Николай Николаевич Носов"
"Незнайка в Солнечном городе";"Николай Носов"
"Незнайка на Луне";"Николай Носов"
"Незнайка. 40 лет спустя";"Северин Подольский"
"Космические приключения Незнайки, Футика и других коротышек";"Светлана Осеева"
"Приключения Незнайки и его друзей. Незнайка в солнечном городе Рисунки А. Лаптева";"Николай Николаевич Носов"
"Приключения Незнайки и его друзей";"Николай Николаевич Носов"
"Незнайка в Солнечном городе";"Николай Носов"
"Незнайка на Луне";"Николай Носов"
"Незнайка. 40 лет спустя";"Северин Подольский"
"Космические приключения Незнайки, Футика и других коротышек";"Светлана Осеева"
"Остров Незнайки";"Игорь Носов"
"Приключения Незнайки и его друзей. Незнайка в солнечном городе Рисунки А. Лаптева";"Николай Николаевич Носов"
"Приключения Незнайки и его друзей";"Николай Николаевич Носов"
"Незнайка в Солнечном городе";"Николай Носов"
"Незнайка на Луне";"Николай Носов"
"Незнайка. 40 лет спустя";"Северин Подольский"
"Космические приключения Незнайки, Футика и других коротышек";"Светлана Осеева"
"Остров Незнайки";"Игорь Носов"
"Путешествие Незнайки в Каменный город";"Игорь Носов"
"Приключения Незнайки и его друзей. Незнайка в солнечном городе Рисунки А. Лаптева";"Николай Николаевич Носов"
"Приключения Незнайки и его друзей";"Николай Николаевич Носов"
"Приключения Незнайки и его друзей. Незнайка в солнечном городе Рисунки А. Лаптева";"Николай Николаевич Носов"
"Приключения Незнайки и его друзей. Незнайка в солнечном городе Рисунки А. Лаптева";"Николай Николаевич Носов"
"Приключения Незнайки и его друзей";"Николай Николаевич Носов"
"Приключения Незнайки и его друзей. Незнайка в солнечном городе Рисунки А. Лаптева";"Николай Николаевич Носов"
"Приключения Незнайки и его друзей";"Николай Николаевич Носов"
"Незнайка в Солнечном городе";"Николай Носов"
"Приключения Незнайки и его друзей. Незнайка в солнечном городе Рисунки А. Лаптева";"Николай Николаевич Носов"
"Приключения Незнайки и его друзей";"Николай Николаевич Носов"
"Незнайка в Солнечном городе";"Николай Носов"
"Незнайка на Луне";"Николай Носов"
"Приключения Незнайки и его друзей. Незнайка в солнечном городе Рисунки А. Лаптева";"Николай Николаевич Носов"
"Приключения Незнайки и его друзей";"Николай Николаевич Носов"
"Незнайка в Солнечном городе";"Николай Носов"
"Незнайка на Луне";"Николай Носов"
"Незнайка. 40 лет спустя";"Северин Подольский"
"Приключения Незнайки и его друзей. Незнайка в солнечном городе Рисунки А. Лаптева";"Николай Николаевич Носов"
"Приключения Незнайки и его друзей";"Николай Николаевич Носов"
"Незнайка в Солнечном городе";"Николай Носов"
"Незнайка на Луне";"Николай Носов"
"Незнайка. 40 лет спустя";"Северин Подольский"
"Приключения Незнайки и его друзей. Незнайка в солнечном городе Рисунки А. Лаптева";"Николай Николаевич Носов"
"Приключения Незнайки и его друзей";"Николай Николаевич Носов"
"Незнайка в Солнечном городе";"Николай Носов"
"Незнайка на Луне";"Николай Носов"
"Незнайка. 40 лет спустя";"Северин Подольский"
"Космические приключения Незнайки, Футика и других коротышек";"Светлана Осеева"
"Приключения Незнайки и его друзей. Незнайка в солнечном городе Рисунки А. Лаптева";"Николай Николаевич Носов"
"Приключения Незнайки и его друзей";"Николай Николаевич Носов"
"Незнайка в Солнечном городе";"Николай Носов"
"Незнайка на Луне";"Николай Носов"
"Незнайка. 40 лет спустя";"Северин Подольский"
"Космические приключения Незнайки, Футика и других коротышек";"Светлана Осеева"
"Остров Незнайки";"Игорь Носов"
"Приключения Незнайки и его друзей. Незнайка в солнечном городе Рисунки А. Лаптева";"Николай Николаевич Носов"
"Приключения Незнайки и его друзей";"Николай Николаевич Носов"
"Незнайка в Солнечном городе";"Николай Носов"
"Незнайка на Луне";"Николай Носов"
"Незнайка. 40 лет спустя";"Северин Подольский"
"Космические приключения Незнайки, Футика и других коротышек";"Светлана Осеева"
"Остров Незнайки";"Игорь Носов"
"Путешествие Незнайки в Каменный город";"Игорь Носов"
"Приключения Незнайки и его друзей. Незнайка в солнечном городе Рисунки А. Лаптева";"Николай Николаевич Носов"
"Приключения Незнайки и его друзей";"Николай Николаевич Носов"
"Незнайка в Солнечном городе";"Николай Носов"
"Приключения Незнайки и его друзей. Незнайка в солнечном городе Рисунки А. Лаптева";"Николай Николаевич Носов"
"Приключения Незнайки и его друзей. Незнайка в солнечном городе Рисунки А. Лаптева";"Николай Николаевич Носов"
"Приключения Незнайки и его друзей";"Николай Николаевич Носов"
"Приключения Незнайки и его друзей. Незнайка в солнечном городе Рисунки А. Лаптева";"Николай Николаевич Носов"
"Приключения Незнайки и его друзей";"Николай Николаевич Носов"
"Незнайка в Солнечном городе";"Николай Носов"
"Приключения Незнайки и его друзей. Незнайка в солнечном городе Рисунки А. Лаптева";"Николай Николаевич Носов"
"Приключения Незнайки и его друзей";"Николай Николаевич Носов"
"Незнайка в Солнечном городе";"Николай Носов"
"Незнайка на Луне";"Николай Носов"
"Приключения Незнайки и его друзей. Незнайка в солнечном городе Рисунки А. Лаптева";"Николай Николаевич Носов"
"Приключения Незнайки и его друзей";"Николай Николаевич Носов"
"Незнайка в Солнечном городе";"Николай Носов"
"Незнайка на Луне";"Николай Носов"
"Незнайка. 40 лет спустя";"Северин Подольский"
"Приключения Незнайки и его друзей. Незнайка в солнечном городе Рисунки А. Лаптева";"Николай Николаевич Носов"
"Приключения Незнайки и его друзей";"Николай Николаевич Носов"
"Незнайка в Солнечном городе";"Николай Носов"
"Незнайка на Луне";"Николай Носов"
"Незнайка. 40 лет спустя";"Северин Подольский"
"Приключения Незнайки и его друзей. Незнайка в солнечном городе Рисунки А. Лаптева";"Николай Николаевич Носов"
"Приключения Незнайки и его друзей";"Николай Николаевич Носов"
"Незнайка в Солнечном городе";"Николай Носов"
"Незнайка на Луне";"Николай Носов"
"Незнайка. 40 лет спустя";"Северин Подольский"
"Космические приключения Незнайки, Футика и других коротышек";"Светлана Осеева"
"Приключения Незнайки и его друзей. Незнайка в солнечном городе Рисунки А. Лаптева";"Николай Николаевич Носов"
"Приключения Незнайки и его друзей";"Николай Николаевич Носов"
"Незнайка в Солнечном городе";"Николай Носов"
"Незнайка на Луне";"Николай Носов"
"Незнайка. 40 лет спустя";"Северин Подольский"
"Космические приключения Незнайки, Футика и других коротышек";"Светлана Осеева"
"Остров Незнайки";"Игорь Носов"
"Приключения Незнайки и его друзей. Незнайка в солнечном городе Рисунки А. Лаптева";"Николай Николаевич Носов"
"Приключения Незнайки и его друзей";"Николай Николаевич Носов"
"Незнайка в Солнечном городе";"Николай Носов"
"Незнайка на Луне";"Николай Носов"
"Незнайка. 40 лет спустя";"Северин Подольский"
"Космические приключения Незнайки, Футика и других коротышек";"Светлана Осеева"
"Остров Незнайки";"Игорь Носов"
"Путешествие Незнайки в Каменный город";"Игорь Носов"
"Приключения Незнайки и его друзей. Незнайка в солнечном городе Рисунки А. Лаптева";"Николай Николаевич Носов"
"Приключения Незнайки и его друзей";"Николай Николаевич Носов"
"Незнайка в Солнечном городе";"Николай Носов"
"Незнайка на Луне";"Николай Носов"
"Приключения Незнайки и его друзей. Незнайка в солнечном городе Рисунки А. Лаптева";"Николай Николаевич Носов"
"Приключения Незнайки и его друзей. Незнайка в солнечном городе Рисунки А. Лаптева";"Николай Николаевич Носов"
"Приключения Незнайки и его друзей";"Николай Николаевич Носов"
"Приключения Незнайки и его друзей. Незнайка в солнечном городе Рисунки А. Лаптева";"Николай Николаевич Носов"
"Приключения Незнайки и его друзей";"Николай Николаевич Носов"
"Незнайка в Солнечном городе";"Николай Носов"
"Приключения Незнайки и его друзей. Незнайка в солнечном городе Рисунки А. Лаптева";"Николай Николаевич Носов"
"Приключения Незнайки и его друзей";"Николай Николаевич Носов"
"Незнайка в Солнечном городе";"Николай Носов"
"Незнайка на Луне";"Николай Носов"
"Приключения Незнайки и его друзей. Незнайка в солнечном городе Рисунки А. Лаптева";"Николай Николаевич Носов"
"Приключения Незнайки и его друзей";"Николай Николаевич Носов"
"Незнайка в Солнечном городе";"Николай Носов"
"Незнайка на Луне";"Николай Носов"
"Незнайка. 40 лет спустя";"Северин Подольский"
"Приключения Незнайки и его друзей. Незнайка в солнечном городе Рисунки А. Лаптева";"Николай Николаевич Носов"
"Приключения Незнайки и его друзей";"Николай Николаевич Носов"
"Незнайка в Солнечном городе";"Николай Носов"
"Незнайка на Луне";"Николай Носов"
"Незнайка. 40 лет спустя";"Северин Подольский"
"Приключения Незнайки и его друзей. Незнайка в солнечном городе Рисунки А. Лаптева";"Николай Николаевич Носов"
"Приключения Незнайки и его друзей";"Николай Николаевич Носов"
"Незнайка в Солнечном городе";"Николай Носов"
"Незнайка на Луне";"Николай Носов"
"Незнайка. 40 лет спустя";"Северин Подольский"
"Космические приключения Незнайки, Футика и других коротышек";"Светлана Осеева"
"Приключения Незнайки и его друзей. Незнайка в солнечном городе Рисунки А. Лаптева";"Николай Николаевич Носов"
"Приключения Незнайки и его друзей";"Николай Николаевич Носов"
"Незнайка в Солнечном городе";"Николай Носов"
"Незнайка на Луне";"Николай Носов"
"Незнайка. 40 лет спустя";"Северин Подольский"
"Космические приключения Незнайки, Футика и других коротышек";"Светлана Осеева"
"Остров Незнайки";"Игорь Носов"
"Приключения Незнайки и его друзей. Незнайка в солнечном городе Рисунки А. Лаптева";"Николай Николаевич Носов"
"Приключения Незнайки и его друзей";"Николай Николаевич Носов"
"Незнайка в Солнечном городе";"Николай Носов"
"Незнайка на Луне";"Николай Носов"
"Незнайка. 40 лет спустя";"Северин Подольский"
"Космические приключения Незнайки, Футика и других коротышек";"Светлана Осеева"
"Остров Незнайки";"Игорь Носов"
"Путешествие Незнайки в Каменный город";"Игорь Носов"
"Приключения Незнайки и его друзей. Незнайка в солнечном городе Рисунки А. Лаптева";"Николай Николаевич Носов"
"Приключения Незнайки и его друзей";"Николай Николаевич Носов"
"Незнайка в Солнечном городе";"Николай Носов"
"Незнайка на Луне";"Николай Носов"
"Незнайка. 40 лет спустя";"Северин Подольский"
"Приключения Незнайки и его друзей. Незнайка в солнечном городе Рисунки А. Лаптева";"Николай Николаевич Носов"
"Приключения Незнайки и его друзей. Незнайка в солнечном городе Рисунки А. Лаптева";"Николай Николаевич Носов"
"Приключения Незнайки и его друзей";"Николай Николаевич Носов"
"Приключения Незнайки и его друзей. Незнайка в солнечном городе Рисунки А. Лаптева";"Николай Николаевич Носов"
"Приключения Незнайки и его друзей";"Николай Николаевич Носов"
"Незнайка в Солнечном городе";"Николай Носов"
"Приключения Незнайки и его друзей. Незнайка в солнечном городе Рисунки А. Лаптева";"Николай Николаевич Носов"
"Приключения Незнайки и его друзей";"Николай Николаевич Носов"
"Незнайка в Солнечном городе";"Николай Носов"
"Незнайка на Луне";"Николай Носов"
"Приключения Незнайки и его друзей. Незнайка в солнечном городе Рисунки А. Лаптева";"Николай Николаевич Носов"
"Приключения Незнайки и его друзей";"Николай Николаевич Носов"
"Незнайка в Солнечном городе";"Николай Носов"
"Незнайка на Луне";"Николай Носов"
"Незнайка. 40 лет спустя";"Северин Подольский"
"Приключения Незнайки и его друзей. Незнайка в солнечном городе Рисунки А. Лаптева";"Николай Николаевич Носов"
"Приключения Незнайки и его друзей";"Николай Николаевич Носов"
"Незнайка в Солнечном городе";"Николай Носов"
"Незнайка на Луне";"Николай Носов"
"Незнайка. 40 лет спустя";"Северин Подольский"
"Приключения Незнайки и его друзей. Незнайка в солнечном городе Рисунки А. Лаптева";"Николай Николаевич Носов"
"Приключения Незнайки и его друзей";"Николай Николаевич Носов"
"Незнайка в Солнечном городе";"Николай Носов"
"Незнайка на Луне";"Николай Носов"
"Незнайка. 40 лет спустя";"Северин Подольский"
"Космические приключения Незнайки, Футика и других коротышек";"Светлана Осеева"
"Приключения Незнайки и его друзей. Незнайка в солнечном городе Рисунки А. Лаптева";"Николай Николаевич Носов"
"Приключения Незнайки и его друзей";"Николай Николаевич Носов"
"Незнайка в Солнечном городе";"Николай Носов"
"Незнайка на Луне";"Николай Носов"
"Незнайка. 40 лет спустя";"Северин Подольский"
"Космические приключения Незнайки, Футика и других коротышек";"Светлана Осеева"
"Остров Незнайки";"Игорь Носов"
"Приключения Незнайки и его друзей. Незнайка в солнечном городе Рисунки А. Лаптева";"Николай Николаевич Носов"
"Приключения Незнайки и его друзей";"Николай Николаевич Носов"
"Незнайка в Солнечном городе";"Николай Носов"
"Незнайка на Луне";"Николай Носов"
"Незнайка. 40 лет спустя";"Северин Подольский"
"Космические приключения Незнайки, Футика и других коротышек";"Светлана Осеева"
"Остров Незнайки";"Игорь Носов"
"Путешествие Незнайки в Каменный город";"Игорь Носов"
"Приключения Незнайки и его друзей. Незнайка в солнечном городе Рисунки А. Лаптева";"Николай Николаевич Носов"
"Приключения Незнайки и его друзей";"Николай Николаевич Носов"
"Незнайка в Солнечном городе";"Николай Носов"
"Незнайка на Луне";"Николай Носов"
"Незнайка. 40 лет спустя";"Северин Подольский"
"Приключения Незнайки и его друзей. Незнайка в солнечном городе Рисунки А. Лаптева";"Николай Николаевич Носов"
"Приключения Незнайки и его друзей. Незнайка в солнечном городе Рисунки А. Лаптева";"Николай Николаевич Носов"
"Приключения Незнайки и его друзей";"Николай Николаевич Носов"
"Приключения Незнайки и его друзей. Незнайка в солнечном городе Рисунки А. Лаптева";"Николай Николаевич Носов"
"Приключения Незнайки и его друзей";"Николай Николаевич Носов"
"Незнайка в Солнечном городе";"Николай Носов"
"Приключения Незнайки и его друзей. Незнайка в солнечном городе Рисунки А. Лаптева";"Николай Николаевич Носов"
"Приключения Незнайки и его друзей";"Николай Николаевич Носов"
"Незнайка в Солнечном городе";"Николай Носов"
"Незнайка на Луне";"Николай Носов"
"Приключения Незнайки и его друзей. Незнайка в солнечном городе Рисунки А. Лаптева";"Николай Николаевич Носов"
"Приключения Незнайки и его друзей";"Николай Николаевич Носов"
"Незнайка в Солнечном городе";"Николай Носов"
"Незнайка на Луне";"Николай Носов"
"Незнайка. 40 лет спустя";"Северин Подольский"
"Приключения Незнайки и его друзей. Незнайка в солнечном городе Рисунки А. Лаптева";"Николай Николаевич Носов"
"Приключения Незнайки и его друзей";"Николай Николаевич Носов"
"Незнайка в Солнечном городе";"Николай Носов"
"Незнайка на Луне";"Николай Носов"
"Незнайка. 40 лет спустя";"Северин Подольский"
"Приключения Незнайки и его друзей. Незнайка в солнечном городе Рисунки А. Лаптева";"Николай Николаевич Носов"
"Приключения Незнайки и его друзей";"Николай Николаевич Носов"
"Незнайка в Солнечном городе";"Николай Носов"
"Незнайка на Луне";"Николай Носов"
"Незнайка. 40 лет спустя";"Северин Подольский"
"Космические приключения Незнайки, Футика и других коротышек";"Светлана Осеева"
"Приключения Незнайки и его друзей. Незнайка в солнечном городе Рисунки А. Лаптева";"Николай Николаевич Носов"
"Приключения Незнайки и его друзей";"Николай Николаевич Носов"
"Незнайка в Солнечном городе";"Николай Носов"
"Незнайка на Луне";"Николай Носов"
"Незнайка. 40 лет спустя";"Северин Подольский"
"Космические приключения Незнайки, Футика и других коротышек";"Светлана Осеева"
"Остров Незнайки";"Игорь Носов"
"Приключения Незнайки и его друзей. Незнайка в солнечном городе Рисунки А. Лаптева";"Николай Николаевич Носов"
"Приключения Незнайки и его друзей";"Николай Николаевич Носов"
"Незнайка в Солнечном городе";"Николай Носов"
"Незнайка на Луне";"Николай Носов"
"Незнайка. 40 лет спустя";"Северин Подольский"
"Космические приключения Незнайки, Футика и других коротышек";"Светлана Осеева"
"Остров Незнайки";"Игорь Носов"
"Путешествие Незнайки в Каменный город";"Игорь Носов"
"Приключения Незнайки и его друзей. Незнайка в солнечном городе Рисунки А. Лаптева";"Николай Николаевич Носов"
"Приключения Незнайки и его друзей";"Николай Николаевич Носов"
"Незнайка в Солнечном городе";"Николай Носов"
"Незнайка на Луне";"Николай Носов"
"Незнайка. 40 лет спустя";"Северин Подольский"
"Космические приключения Незнайки, Футика и других коротышек";"Светлана Осеева"
"Приключения Незнайки и его друзей. Незнайка в солнечном городе Рисунки А. Лаптева";"Николай Николаевич Носов"
"Приключения Незнайки и его друзей. Незнайка в солнечном городе Рисунки А. Лаптева";"Николай Николаевич Носов"
"Приключения Незнайки и его друзей";"Николай Николаевич Носов"
"Приключения Незнайки и его друзей. Незнайка в солнечном городе Рисунки А. Лаптева";"Николай Николаевич Носов"
"Приключения Незнайки и его друзей";"Николай Николаевич Носов"
"Незнайка в Солнечном городе";"Николай Носов"
"Приключения Незнайки и его друзей. Незнайка в солнечном городе Рисунки А. Лаптева";"Николай Николаевич Носов"
"Приключения Незнайки и его друзей";"Николай Николаевич Носов"
"Незнайка в Солнечном городе";"Николай Носов"
"Незнайка на Луне";"Николай Носов"
"Приключения Незнайки и его друзей. Незнайка в солнечном городе Рисунки А. Лаптева";"Николай Николаевич Носов"
"Приключения Незнайки и его друзей";"Николай Николаевич Носов"
"Незнайка в Солнечном городе";"Николай Носов"
"Незнайка на Луне";"Николай Носов"
"Незнайка. 40 лет спустя";"Северин Подольский"
"Приключения Незнайки и его друзей. Незнайка в солнечном городе Рисунки А. Лаптева";"Николай Николаевич Носов"
"Приключения Незнайки и его друзей";"Николай Николаевич Носов"
"Незнайка в Солнечном городе";"Николай Носов"
"Незнайка на Луне";"Николай Носов"
"Незнайка. 40 лет спустя";"Северин Подольский"
"Приключения Незнайки и его друзей. Незнайка в солнечном городе Рисунки А. Лаптева";"Николай Николаевич Носов"
"Приключения Незнайки и его друзей";"Николай Николаевич Носов"
"Незнайка в Солнечном городе";"Николай Носов"
"Незнайка на Луне";"Николай Носов"
"Незнайка. 40 лет спустя";"Северин Подольский"
"Космические приключения Незнайки, Футика и других коротышек";"Светлана Осеева"
"Приключения Незнайки и его друзей. Незнайка в солнечном городе Рисунки А. Лаптева";"Николай Николаевич Носов"
"Приключения Незнайки и его друзей";"Николай Николаевич Носов"
"Незнайка в Солнечном городе";"Николай Носов"
"Незнайка на Луне";"Николай Носов"
"Незнайка. 40 лет спустя";"Северин Подольский"
"Космические приключения Незнайки, Футика и других коротышек";"Светлана Осеева"
"Остров Незнайки";"Игорь Носов"
"Приключения Незнайки и его друзей. Незнайка в солнечном городе Рисунки А. Лаптева";"Николай Николаевич Носов"
"Приключения Незнайки и его друзей";"Николай Николаевич Носов"
"Незнайка в Солнечном городе";"Николай Носов"
"Незнайка на Луне";"Николай Носов"
"Незнайка. 40 лет спустя";"Северин Подольский"
"Космические приключения Незнайки, Футика и других коротышек";"Светлана Осеева"
"Остров Незнайки";"Игорь Носов"
"Путешествие Незнайки в Каменный город";"Игорь Носов"
"Приключения Незнайки и его друзей. Незнайка в солнечном городе Рисунки А. Лаптева";"Николай Николаевич Носов"
"Приключения Незнайки и его друзей";"Николай Николаевич Носов"
"Незнайка в Солнечном городе";"Николай Носов"
"Незнайка на Луне";"Николай Носов"
"Незнайка. 40 лет спустя";"Северин Подольский"
"Космические приключения Незнайки, Футика и других коротышек";"Светлана Осеева"
"Остров Незнайки";"Игорь Носов"
"Приключения Незнайки и его друзей. Незнайка в солнечном городе Рисунки А. Лаптева";"Николай Николаевич Носов"
"Приключения Незнайки и его друзей. Незнайка в солнечном городе Рисунки А. Лаптева";"Николай Николаевич Носов"
"Приключения Незнайки и его друзей";"Николай Николаевич Носов"
"Приключения Незнайки и его друзей. Незнайка в солнечном городе Рисунки А. Лаптева";"Николай Николаевич Носов"
"Приключения Незнайки и его друзей";"Николай Николаевич Носов"
"Незнайка в Солнечном городе";"Николай Носов"
"Приключения Незнайки и его друзей. Незнайка в солнечном городе Рисунки А. Лаптева";"Николай Николаевич Носов"
"Приключения Незнайки и его друзей";"Николай Николаевич Носов"
"Незнайка в Солнечном городе";"Николай Носов"
"Незнайка на Луне";"Николай Носов"
"Приключения Незнайки и его друзей. Незнайка в солнечном городе Рисунки А. Лаптева";"Николай Николаевич Носов"
"Приключения Незнайки и его друзей";"Николай Николаевич Носов"
"Незнайка в Солнечном городе";"Николай Носов"
"Незнайка на Луне";"Николай Носов"
"Незнайка. 40 лет спустя";"Северин Подольский"
"Приключения Незнайки и его друзей. Незнайка в солнечном городе Рисунки А. Лаптева";"Николай Николаевич Носов"
"Приключения Незнайки и его друзей";"Николай Николаевич Носов"
"Незнайка в Солнечном городе";"Николай Носов"
"Незнайка на Луне";"Николай Носов"
"Незнайка. 40 лет спустя";"Северин Подольский"
"Приключения Незнайки и его друзей. Незнайка в солнечном городе Рисунки А. Лаптева";"Николай Николаевич Носов"
"Приключения Незнайки и его друзей";"Николай Николаевич Носов"
"Незнайка в Солнечном городе";"Николай Носов"
"Незнайка на Луне";"Николай Носов"
"Незнайка. 40 лет спустя";"Северин Подольский"
"Космические приключения Незнайки, Футика и других коротышек";"Светлана Осеева"
"Приключения Незнайки и его друзей. Незнайка в солнечном городе Рисунки А. Лаптева";"Николай Николаевич Носов"
"Приключения Незнайки и его друзей";"Николай Николаевич Носов"
"Незнайка в Солнечном городе";"Николай Носов"
"Незнайка на Луне";"Николай Носов"
"Незнайка. 40 лет спустя";"Северин Подольский"
"Космические приключения Незнайки, Футика и других коротышек";"Светлана Осеева"
"Остров Незнайки";"Игорь Носов"
"Приключения Незнайки и его друзей. Незнайка в солнечном городе Рисунки А. Лаптева";"Николай Николаевич Носов"
"Приключения Незнайки и его друзей";"Николай Николаевич Носов"
"Незнайка в Солнечном городе";"Николай Носов"
"Незнайка на Луне";"Николай Носов"
"Незнайка. 40 лет спустя";"Северин Подольский"
"Космические приключения Незнайки, Футика и других коротышек";"Светлана Осеева"
"Остров Незнайки";"Игорь Носов"
"Путешествие Незнайки в Каменный город";"Игорь Носов"
"Приключения Незнайки и его друзей. Незнайка в солнечном городе Рисунки А. Лаптева";"Николай Николаевич Носов"
"Приключения Незнайки и его друзей";"Николай Николаевич Носов"
"Незнайка в Солнечном городе";"Николай Носов"
"Незнайка на Луне";"Николай Носов"
"Незнайка. 40 лет спустя";"Северин Подольский"
"Космические приключения Незнайки, Футика и других коротышек";"Светлана Осеева"
"Остров Незнайки";"Игорь Носов"
"Путешествие Незнайки в Каменный город";"Игорь Носов"
"Приключения Незнайки и его друзей. Незнайка в солнечном городе Рисунки А. Лаптева";"Николай Николаевич Носов"
"Приключения Незнайки и его друзей. Незнайка в солнечном городе Рисунки А. Лаптева";"Николай Николаевич Носов"
"Приключения Незнайки и его друзей";"Николай Николаевич Носов"
"Приключения Незнайки и его друзей. Незнайка в солнечном городе Рисунки А. Лаптева";"Николай Николаевич Носов"
"Приключения Незнайки и его друзей";"Николай Николаевич Носов"
"Незнайка в Солнечном городе";"Николай Носов"
"Приключения Незнайки и его друзей. Незнайка в солнечном городе Рисунки А. Лаптева";"Николай Николаевич Носов"
"Приключения Незнайки и его друзей";"Николай Николаевич Носов"
"Незнайка в Солнечном городе";"Николай Носов"
"Незнайка на Луне";"Николай Носов"
"Приключения Незнайки и его друзей. Незнайка в солнечном городе Рисунки А. Лаптева";"Николай Николаевич Носов"
"Приключения Незнайки и его друзей";"Николай Николаевич Носов"
"Незнайка в Солнечном городе";"Николай Носов"
"Незнайка на Луне";"Николай Носов"
"Незнайка. 40 лет спустя";"Северин Подольский"
"Приключения Незнайки и его друзей. Незнайка в солнечном городе Рисунки А. Лаптева";"Николай Николаевич Носов"
"Приключения Незнайки и его друзей";"Николай Николаевич Носов"
"Незнайка в Солнечном городе";"Николай Носов"
"Незнайка на Луне";"Николай Носов"
"Незнайка. 40 лет спустя";"Северин Подольский"
"Приключения Незнайки и его друзей. Незнайка в солнечном городе Рисунки А. Лаптева";"Николай Николаевич Носов"
"Приключения Незнайки и его друзей";"Николай Николаевич Носов"
"Незнайка в Солнечном городе";"Николай Носов"
"Незнайка на Луне";"Николай Носов"
"Незнайка. 40 лет спустя";"Северин Подольский"
"Космические приключения Незнайки, Футика и других коротышек";"Светлана Осеева"
"Приключения Незнайки и его друзей. Незнайка в солнечном городе Рисунки А. Лаптева";"Николай Николаевич Носов"
"Приключения Незнайки и его друзей";"Николай Николаевич Носов"
"Незнайка в Солнечном городе";"Николай Носов"
"Незнайка на Луне";"Николай Носов"
"Незнайка. 40 лет спустя";"Северин Подольский"
"Космические приключения Незнайки, Футика и других коротышек";"Светлана Осеева"
"Остров Незнайки";"Игорь Носов"
"Приключения Незнайки и его друзей. Незнайка в солнечном городе Рисунки А. Лаптева";"Николай Николаевич Носов"
"Приключения Незнайки и его друзей";"Николай Николаевич Носов"
"Незнайка в Солнечном городе";"Николай Носов"
"Незнайка на Луне";"Николай Носов"
"Незнайка. 40 лет спустя";"Северин Подольский"
"Космические приключения Незнайки, Футика и других коротышек";"Светлана Осеева"
"Остров Незнайки";"Игорь Носов"
"Путешествие Незнайки в Каменный город";"Игорь Носов"
"Приключения Незнайки и его друзей. Незнайка в солнечном городе Рисунки А. Лаптева";"Николай Николаевич Носов"
"Приключения Незнайки и его друзей";"Николай Николаевич Носов"
"Незнайка в Солнечном городе";"Николай Носов"
"Незнайка на Луне";"Николай Носов"
"Незнайка. 40 лет спустя";"Северин Подольский"
"Космические приключения Незнайки, Футика и других коротышек";"Светлана Осеева"
"Остров Незнайки";"Игорь Носов"
"Путешествие Незнайки в Каменный город";"Игорь Носов"
"Как Незнайка был художником";"Николай Носов"
